{"_wandb":{"runtime":2241},"_step":1000,"spikes_per_ms":0.024142025038599968,"_timestamp":1.7685184541241484e+09,"eval_fitness":0.2578125,"sparsity":0.4995785653591156,"_runtime":2241.303672652,"avg_i_syn":0.1874723583459854,"fitness":0.2622767984867096}