{"_step":1000,"_wandb":{"runtime":1216},"spikes_per_ms":1.6905732154846191,"eval_fitness":85.91923522949219,"sparsity":0.500063419342041,"_timestamp":1.7682358375137663e+09,"avg_i_syn":524.5762939453125,"fitness":85.91718292236328,"_runtime":1216.255356686}