{"avg_i_syn":0.0007076392648741603,"_wandb":{"runtime":174},"eval_fitness":0.1000155583024025,"spikes_per_ms":1.4158345948089845e-05,"_timestamp":1.7695864552014108e+09,"_runtime":174.760641746,"_step":500,"fitness":0.10002451390028,"sparsity":0.5006347298622131}