{"avg_i_syn":0.5279721021652222,"eval_fitness":0.10454050451517105,"_runtime":182.8520573,"_timestamp":1.769619870920714e+09,"fitness":0.10353245586156845,"_step":500,"spikes_per_ms":0.010939858853816986,"_wandb":{"runtime":182},"sparsity":0.5007560849189758}