{"_runtime":181.160443483,"spikes_per_ms":1.095355037250556e-05,"fitness":0.10050342231988907,"sparsity":0.499896377325058,"_timestamp":1.7696191195167618e+09,"_wandb":{"runtime":181},"_step":500,"avg_i_syn":0.000827765092253685,"eval_fitness":0.09948597848415375}