{"avg_i_syn":521.8882446289062,"spikes_per_ms":1.7342898845672607,"_timestamp":1.766334886223014e+09,"_runtime":1230.976843252,"eval_fitness":85.91919708251953,"fitness":85.91206359863281,"_step":1000,"_wandb":{"runtime":1230},"sparsity":0.5002537965774536}