{"sparsity":0.500959038734436,"eval_fitness":0.10662994533777237,"avg_i_syn":4.5691070556640625,"_timestamp":1.7696061647798169e+09,"_step":500,"_wandb":{"runtime":182},"_runtime":182.497836053,"spikes_per_ms":0.08120066672563553,"fitness":0.10435285419225693}