{"spikes_per_ms":0.010939858853816986,"_wandb":{"runtime":183},"avg_i_syn":0.5279721021652222,"sparsity":0.5007560849189758,"_runtime":183.548287782,"_step":500,"_timestamp":1.7696127302258854e+09,"fitness":0.10353245586156845,"eval_fitness":0.10454050451517105}