{"spikes_per_ms":1.6854699850082397,"_step":1000,"_timestamp":1.7696937814899457e+09,"sparsity":0.5011640787124634,"fitness":0.10000001639127731,"eval_fitness":0.10000000149011612,"avg_i_syn":232.1573944091797,"_wandb":{"runtime":355},"_runtime":355.587678906}