{"sparsity":0.5005248785018921,"_timestamp":1.7685082484186704e+09,"_runtime":2251.950971681,"_step":1000,"fitness":0.1953125149011612,"spikes_per_ms":0.06302980333566666,"_wandb":{"runtime":2251},"avg_i_syn":1.3812572956085205,"eval_fitness":0.203125}