{"spikes_per_ms":1.6653296947479248,"fitness":0.10000001639127731,"avg_i_syn":760.03369140625,"eval_fitness":0.10000000149011612,"sparsity":0.5004138946533203,"_runtime":171.533965852,"_timestamp":1.7695752784166758e+09,"_step":500,"_wandb":{"runtime":171}}