{"_runtime":182.785320406,"fitness":0.10082066804170609,"sparsity":0.5002235770225525,"_timestamp":1.7696111592413948e+09,"eval_fitness":0.10110566020011902,"_step":500,"spikes_per_ms":1.395623530697776e-05,"avg_i_syn":0.0011841723462566733,"_wandb":{"runtime":182}}