{"_runtime":10016.065546794,"_timestamp":1.7655731751787417e+09,"fitness":184.03140258789062,"sparsity":0.49874696135520935,"_wandb":{"runtime":10016},"spikes_per_ms":1.7338595390319824,"_step":1000,"avg_i_syn":202.4610595703125,"eval_fitness":179.8212432861328}