{"sparsity":0.5000216364860535,"eval_fitness":0.1000526174902916,"spikes_per_ms":0.6256153583526611,"_step":500,"fitness":0.10005829483270645,"_timestamp":1.7693236791031697e+09,"avg_i_syn":15.65256404876709,"_wandb":{"runtime":1315},"_runtime":1315.215134863}