{"_wandb":{"runtime":2650},"spikes_per_ms":1.7058801651000977,"_timestamp":1.7683107368130102e+09,"avg_i_syn":522.489501953125,"sparsity":0.5003615021705627,"eval_fitness":0.0859375,"_runtime":2650.456738899,"fitness":0.1082589328289032,"_step":1000}