{"avg_i_syn":0.00016205559950321913,"_step":500,"_wandb":{"runtime":290},"_runtime":290.699365522,"fitness":0.16027367115020752,"_timestamp":1.7704448905836792e+09,"sparsity":0.500817596912384,"eval_fitness":0.1635008156299591,"spikes_per_ms":0.3639281988143921}