{"avg_i_syn":0.0020271651446819305,"fitness":0.10464481264352798,"_timestamp":1.7696086631524298e+09,"_wandb":{"runtime":185},"sparsity":0.500695526599884,"_runtime":185.810835279,"eval_fitness":0.10213033109903336,"spikes_per_ms":5.86040441703517e-05,"_step":500}