{"avg_i_syn":24.54303550720215,"_wandb":{"runtime":1338},"sparsity":0.4999891221523285,"_timestamp":1.769165108421295e+09,"_runtime":1338.255028667,"fitness":0.10000746697187424,"eval_fitness":0.10000000149011612,"spikes_per_ms":1.8271960020065308,"_step":500}