{"_runtime":2349.230498504,"_wandb":{"runtime":2349},"fitness":0.2399553656578064,"_timestamp":1.7685773412631075e+09,"avg_i_syn":0.10923200845718384,"eval_fitness":0.2578125,"_step":1000,"sparsity":0.5006996989250183,"spikes_per_ms":0.02323829010128975}