{"avg_i_syn":0.42410752177238464,"fitness":0.2299107313156128,"_step":1000,"sparsity":0.500045120716095,"_runtime":2252.229963885,"eval_fitness":0.2265625,"_timestamp":1.7685281007890902e+09,"_wandb":{"runtime":2252},"spikes_per_ms":0.027796974405646324}