{"fitness":0.3116452693939209,"_step":500,"spikes_per_ms":0.01959998346865177,"_wandb":{"runtime":1298},"_timestamp":1.7692480008436148e+09,"avg_i_syn":0.15578651428222656,"eval_fitness":0.2804359793663025,"_runtime":1298.967512176,"sparsity":0.5001263618469238}