{"_timestamp":1.770449234784128e+09,"_wandb":{"runtime":279},"_runtime":279.576407837,"eval_fitness":0.14942485094070435,"_step":500,"avg_i_syn":0.04267306253314018,"sparsity":0.49964383244514465,"spikes_per_ms":0.7379733324050903,"fitness":0.14197371900081635}