{"eval_fitness":0.10486885905265808,"sparsity":0.5001274347305298,"_step":500,"_wandb":{"runtime":186},"_runtime":186.91896539,"_timestamp":1.769676049776094e+09,"avg_i_syn":3.3155782222747803,"fitness":0.10300741344690323,"spikes_per_ms":0.05259871110320091}