{"_runtime":183.71505318,"spikes_per_ms":1.095355037250556e-05,"avg_i_syn":0.000827765092253685,"eval_fitness":0.09948597848415375,"_timestamp":1.7696120455423985e+09,"fitness":0.10050342231988907,"sparsity":0.499896377325058,"_wandb":{"runtime":183},"_step":500}