{"eval_fitness":0.2109375,"_wandb":{"runtime":2343},"spikes_per_ms":0.043508999049663544,"_timestamp":1.768415884589869e+09,"sparsity":0.5004534721374512,"_runtime":2343.064697953,"_step":1000,"fitness":0.2053571492433548,"avg_i_syn":0.3185621201992035}