{"sparsity":0.4993913471698761,"_timestamp":1.7696063861656797e+09,"fitness":0.10161422193050385,"_wandb":{"runtime":183},"_step":500,"spikes_per_ms":0.16127502918243408,"avg_i_syn":8.949919700622559,"_runtime":183.532044325,"eval_fitness":0.10184530168771744}