{"_timestamp":1.7699452555698383e+09,"avg_i_syn":448.4084167480469,"eval_fitness":0.125,"spikes_per_ms":1.999901533126831,"sparsity":0.5005888938903809,"_runtime":218.064438328,"_step":500,"fitness":0.09657920897006989,"_wandb":{"runtime":218}}