{"fitness":0.33628061413764954,"_runtime":1303.565385591,"spikes_per_ms":0.014817781746387482,"_timestamp":1.7692385254714825e+09,"_step":500,"eval_fitness":0.32548433542251587,"avg_i_syn":0.09606725722551346,"_wandb":{"runtime":1303},"sparsity":0.5008102655410767}