{"_wandb":{"runtime":7848},"_runtime":7848.367167347,"sparsity":0.5550453066825867,"_timestamp":1.7704855999439273e+09,"_step":200,"fitness":0.9349182844161987,"eval_fitness":0.9405322074890137,"grad_norm":0.0007745089824311435}