{"spikes_per_ms":0.00014705619832966477,"_runtime":183.883740737,"eval_fitness":0.10878229141235352,"sparsity":0.5002557635307312,"_step":500,"avg_i_syn":0.00446291221305728,"_timestamp":1.7696079873485458e+09,"_wandb":{"runtime":183},"fitness":0.10379709303379059}