{"avg_i_syn":0.7785004377365112,"_timestamp":1.7699339070259707e+09,"_runtime":224.663634344,"spikes_per_ms":0.0200631283223629,"eval_fitness":0.10050734877586365,"_wandb":{"runtime":224},"fitness":0.10057590901851654,"sparsity":0.4997457265853882,"_step":500}