{"avg_i_syn":321.4482421875,"_runtime":212.579235482,"_step":500,"eval_fitness":0.10002271085977554,"_wandb":{"runtime":212},"fitness":0.10001460462808609,"sparsity":0.5000051259994507,"spikes_per_ms":1.4312512874603271,"_timestamp":1.7698516702529833e+09}