{"avg_i_syn":38.25518035888672,"_wandb":{"runtime":211},"_runtime":211.899990079,"sparsity":0.5017490386962891,"spikes_per_ms":0.3529040813446045,"_step":500,"_timestamp":1.7698523801748886e+09,"fitness":0.1000966876745224,"eval_fitness":0.1003100797533989}