{"_timestamp":1.7696164330565157e+09,"spikes_per_ms":6.351125193759799e-05,"_wandb":{"runtime":181},"eval_fitness":0.10165967047214508,"fitness":0.10472608357667923,"avg_i_syn":0.0028157448396086693,"_runtime":181.991295085,"_step":500,"sparsity":0.501173734664917}