{"avg_i_syn":430.697265625,"fitness":0.10000001639127731,"eval_fitness":0.10000000149011612,"spikes_per_ms":1.6145575046539307,"_timestamp":1.7696789759544363e+09,"_runtime":367.734163529,"sparsity":0.5011640787124634,"_step":1000,"_wandb":{"runtime":367}}