{"fitness":0.10001140087842941,"sparsity":0.5013012886047363,"_timestamp":1.7695873172674112e+09,"spikes_per_ms":1.2885713658761233e-05,"_wandb":{"runtime":174},"_step":500,"avg_i_syn":0.0006845230236649513,"_runtime":174.188027241,"eval_fitness":0.10001508891582489}