{"_timestamp":1.7696745812348516e+09,"_step":500,"avg_i_syn":0.49157166481018066,"eval_fitness":0.10184966027736664,"fitness":0.10334187000989914,"sparsity":0.5009923577308655,"spikes_per_ms":0.008730301633477211,"_runtime":184.415608229,"_wandb":{"runtime":184}}