{"_runtime":178.264595126,"fitness":0.10479456931352615,"spikes_per_ms":0.056554313749074936,"_wandb":{"runtime":178},"avg_i_syn":1.9714527130126953,"_timestamp":1.7695909133532522e+09,"sparsity":0.5000091195106506,"_step":500,"eval_fitness":0.1068773865699768}