{"eval_fitness":85.88150024414062,"spikes_per_ms":1.7112102508544922,"_runtime":1191.778220002,"_timestamp":1.7682259180624218e+09,"_step":1000,"fitness":85.91651153564453,"_wandb":{"runtime":1191},"sparsity":0.5002416968345642,"avg_i_syn":521.50439453125}