{"_timestamp":1.7684952655011988e+09,"avg_i_syn":0.42410752177238464,"_wandb":{"runtime":2297},"eval_fitness":0.2265625,"sparsity":0.500045120716095,"_runtime":2297.624693093,"_step":1000,"fitness":0.2299107313156128,"spikes_per_ms":0.027796974405646324}