{"_timestamp":1.7682234761269693e+09,"_runtime":1191.831513443,"avg_i_syn":519.8624267578125,"eval_fitness":85.9206314086914,"_wandb":{"runtime":1191},"spikes_per_ms":1.7211673259735107,"sparsity":0.5000563263893127,"_step":1000,"fitness":85.92179107666016}