{"_runtime":184.645900723,"sparsity":0.4999908208847046,"_timestamp":1.769615028531899e+09,"_wandb":{"runtime":184},"fitness":0.10183719545602798,"spikes_per_ms":1.3143318938091397e-05,"avg_i_syn":0.0004963008686900139,"_step":500,"eval_fitness":0.09869837760925293}