{"_wandb":{"runtime":182},"_runtime":182.367527378,"eval_fitness":0.10524575412273407,"fitness":0.10337407886981964,"avg_i_syn":0.04970167949795723,"sparsity":0.4999723434448242,"_timestamp":1.7696193556397696e+09,"spikes_per_ms":0.0007449874537996948,"_step":500}