{"_runtime":1306.319168469,"avg_i_syn":0.08187569677829742,"_step":500,"_wandb":{"runtime":1306},"spikes_per_ms":0.014600406400859356,"eval_fitness":0.34770992398262024,"_timestamp":1.7692344433760898e+09,"fitness":0.38648512959480286,"sparsity":0.4999280571937561}