{"avg_i_syn":0.19082504510879517,"spikes_per_ms":0.006074949167668819,"_wandb":{"runtime":186},"_runtime":186.988570374,"_step":500,"sparsity":0.4995949864387512,"_timestamp":1.7695935152607698e+09,"fitness":0.10372646898031235,"eval_fitness":0.1032337099313736}