{"_runtime":183.170077031,"fitness":0.10240288823843002,"spikes_per_ms":0.025845561176538467,"_step":500,"_timestamp":1.7696208371235175e+09,"sparsity":0.5003702640533447,"_wandb":{"runtime":183},"avg_i_syn":1.4186071157455444,"eval_fitness":0.1043914407491684}