{"_timestamp":1.7696182139117646e+09,"eval_fitness":0.10110566020011902,"_wandb":{"runtime":183},"_runtime":183.787448528,"fitness":0.10082066804170609,"spikes_per_ms":1.395623530697776e-05,"_step":500,"avg_i_syn":0.0011841723462566733,"sparsity":0.5002235770225525}