{"avg_i_syn":0.2106485515832901,"_step":500,"eval_fitness":0.10374821722507477,"sparsity":0.5001040697097778,"spikes_per_ms":0.009164949879050255,"fitness":0.1051420047879219,"_timestamp":1.7695928467830625e+09,"_wandb":{"runtime":180},"_runtime":180.048295687}