{"sparsity":0.49938148260116577,"_runtime":179.391372651,"spikes_per_ms":0.0461883544921875,"_wandb":{"runtime":179},"_timestamp":1.7695902575472963e+09,"avg_i_syn":1.2398408651351929,"eval_fitness":0.1059345081448555,"fitness":0.1082167848944664,"_step":500}