{"eval_fitness":0.10000000149011612,"_step":500,"spikes_per_ms":1.650840401649475,"avg_i_syn":243.96945190429688,"_timestamp":1.7695735629805303e+09,"fitness":0.10000001639127731,"_runtime":180.304128116,"_wandb":{"runtime":180},"sparsity":0.5004138946533203}