{"fitness":0.1043146625161171,"_wandb":{"runtime":187},"eval_fitness":0.1083299070596695,"_timestamp":1.7696156775351636e+09,"spikes_per_ms":0.0001531202142359689,"_step":500,"_runtime":187.032610534,"sparsity":0.5003907680511475,"avg_i_syn":0.005821064114570618}