{"_timestamp":1.7696143173275304e+09,"spikes_per_ms":6.303440022747964e-05,"_runtime":187.45636587,"avg_i_syn":0.001760885352268815,"_wandb":{"runtime":187},"sparsity":0.5008805990219116,"eval_fitness":0.09845840185880661,"_step":500,"fitness":0.1028539165854454}