{"sparsity":0.4991856515407562,"spikes_per_ms":0.17124338448047638,"avg_i_syn":7.292757987976074,"fitness":0.10121716558933258,"_wandb":{"runtime":184},"_timestamp":1.7696002207784507e+09,"_runtime":184.870245786,"eval_fitness":0.1040361151099205,"_step":500}