{"_step":500,"fitness":0.10000001639127731,"sparsity":0.5004138946533203,"_wandb":{"runtime":207},"spikes_per_ms":1.5601240396499634,"avg_i_syn":415.6756591796875,"_runtime":207.224788006,"_timestamp":1.7697582191532118e+09,"eval_fitness":0.10000000149011612}