{"fitness":0.6858620047569275,"_wandb":{"runtime":21292},"_runtime":21292.253042633,"eval_fitness":0.6738744378089905,"grad_norm":0.0007358015282079577,"sparsity":0.5014220476150513,"_timestamp":1.770558477523562e+09,"_step":500}