{"sparsity":0.49988657236099243,"spikes_per_ms":0.03953535482287407,"_runtime":2266.260566773,"eval_fitness":0.203125,"_timestamp":1.7685312893287923e+09,"avg_i_syn":0.5825333595275879,"_wandb":{"runtime":2266},"_step":1000,"fitness":0.2087053656578064}