{"spikes_per_ms":0.00033065848401747644,"_timestamp":1.7696100056429586e+09,"_step":500,"fitness":0.10285655409097672,"_runtime":181.664086944,"sparsity":0.5002492070198059,"avg_i_syn":0.015063036233186722,"_wandb":{"runtime":181},"eval_fitness":0.09842793643474579}