{"sparsity":0.49936434626579285,"_timestamp":1.7691823956489508e+09,"eval_fitness":0.3183034658432007,"_wandb":{"runtime":2761},"_step":1000,"avg_i_syn":0.03617838770151138,"spikes_per_ms":0.007076880894601345,"_runtime":2761.236633009,"fitness":0.30391645431518555}