{"_runtime":224.906612027,"avg_i_syn":7.309096813201904,"spikes_per_ms":0.15590544044971466,"_step":500,"eval_fitness":0.1013176441192627,"fitness":0.10076388716697693,"_timestamp":1.7699350912426238e+09,"sparsity":0.499956876039505,"_wandb":{"runtime":224}}