{"sparsity":0.4988817870616913,"_timestamp":1.7695926239466608e+09,"eval_fitness":0.10340811312198639,"_wandb":{"runtime":180},"spikes_per_ms":0.007197992876172066,"_step":500,"fitness":0.10423658788204193,"avg_i_syn":0.1673208773136139,"_runtime":180.860188651}