{"fitness":0.10002724081277847,"_timestamp":1.7695858051327977e+09,"_step":500,"eval_fitness":0.10004609078168869,"_runtime":176.733342344,"sparsity":0.5003570318222046,"spikes_per_ms":2.7482536097522825e-05,"_wandb":{"runtime":176},"avg_i_syn":0.0007027097744867206}