{"spikes_per_ms":0.07202281802892685,"avg_i_syn":2.089740514755249,"eval_fitness":0.203125,"_step":1000,"_wandb":{"runtime":2252},"_runtime":2252.263858146,"_timestamp":1.7685133634982262e+09,"fitness":0.2008928656578064,"sparsity":0.49944743514060974}