{"fitness":0.10000001639127731,"_runtime":175.441809722,"eval_fitness":0.10000000149011612,"spikes_per_ms":1.5819735527038574,"_wandb":{"runtime":175},"sparsity":0.5004138946533203,"avg_i_syn":212.37635803222656,"_timestamp":1.7695737784539616e+09,"_step":500}