{"spikes_per_ms":0.07158767431974411,"_timestamp":1.7683840506852355e+09,"_wandb":{"runtime":5412},"eval_fitness":0.1796875,"avg_i_syn":2.076655864715576,"_runtime":5412.138885464,"_step":2000,"fitness":0.1919642984867096,"sparsity":0.49986356496810913}