{"_wandb":{"runtime":284},"fitness":0.1823853850364685,"_timestamp":1.770447069775821e+09,"eval_fitness":0.17123208940029144,"_step":500,"avg_i_syn":0.0027983998879790306,"_runtime":284.339006337,"sparsity":0.501221776008606,"spikes_per_ms":0.6739913821220398}