{"_runtime":206.983205316,"_wandb":{"runtime":206},"_timestamp":1.7697643895381765e+09,"avg_i_syn":2.3688390254974365,"_step":500,"eval_fitness":0.10511130094528198,"fitness":0.10303203016519547,"sparsity":0.500576913356781,"spikes_per_ms":0.042739417403936386}