{"_wandb":{"runtime":2347},"_runtime":2347.663632959,"_step":1000,"_timestamp":1.768459244386437e+09,"eval_fitness":0.2109375,"avg_i_syn":0.3185621201992035,"fitness":0.2053571492433548,"spikes_per_ms":0.043508999049663544,"sparsity":0.5004534721374512}