{"grad_norm":0.0007282962324097753,"sparsity":0.5014256834983826,"_timestamp":1.7705375095412624e+09,"_step":500,"_wandb":{"runtime":20849},"_runtime":20849.125217489,"fitness":0.6817376613616943,"eval_fitness":0.6821457743644714}