{"_timestamp":1.769231726855521e+09,"avg_i_syn":0.088621124625206,"spikes_per_ms":0.018926309421658516,"_wandb":{"runtime":1307},"eval_fitness":0.32628247141838074,"_runtime":1307.396705774,"_step":500,"fitness":0.3129376173019409,"sparsity":0.49986502528190613}