{"_timestamp":1.7684821628126385e+09,"_wandb":{"runtime":2353},"fitness":0.2008928656578064,"_step":1000,"_runtime":2353.853455285,"spikes_per_ms":0.07202281802892685,"avg_i_syn":2.089740514755249,"eval_fitness":0.203125,"sparsity":0.49944743514060974}