{"_runtime":2667.92291428,"fitness":0.1082589328289032,"eval_fitness":0.0859375,"spikes_per_ms":1.754158854484558,"_step":1000,"_wandb":{"runtime":2667},"_timestamp":1.7683264513881257e+09,"sparsity":0.5001708269119263,"avg_i_syn":520.4483032226562}