{"_wandb":{"runtime":1193},"avg_i_syn":523.1522827148438,"_timestamp":1.768212046538876e+09,"_step":1000,"eval_fitness":85.92069244384766,"_runtime":1193.187632459,"fitness":85.92123413085938,"sparsity":0.5001949071884155,"spikes_per_ms":1.6481776237487793}