{"avg_i_syn":24.53263282775879,"spikes_per_ms":1.8275537490844727,"sparsity":0.5005317330360413,"_wandb":{"runtime":1353},"eval_fitness":0.10000000149011612,"_step":500,"fitness":0.10000355541706085,"_runtime":1353.465379921,"_timestamp":1.7691611475131762e+09}