{"eval_fitness":0.09458686411380768,"sparsity":0.5008665323257446,"avg_i_syn":0.0015975612914189696,"_step":500,"fitness":0.1017933264374733,"_wandb":{"runtime":182},"_runtime":182.578839007,"spikes_per_ms":1.4436612218560185e-05,"_timestamp":1.7696201020642865e+09}