{"avg_i_syn":0.05273541063070297,"sparsity":0.49979284405708313,"spikes_per_ms":0.01068356353789568,"_timestamp":1.7692290187635303e+09,"_runtime":1304.461307894,"_step":500,"eval_fitness":0.3552647531032562,"_wandb":{"runtime":1304},"fitness":0.36519303917884827}