{"eval_fitness":85.92068481445312,"sparsity":0.5000833868980408,"_wandb":{"runtime":1191},"_runtime":1191.928780626,"_step":1000,"_timestamp":1.7682271394269545e+09,"spikes_per_ms":1.6892662048339844,"avg_i_syn":521.7859497070312,"fitness":85.91732788085938}