{"_wandb":{"runtime":2249},"sparsity":0.4988703727722168,"eval_fitness":0.1640625,"fitness":0.1975446492433548,"_step":1000,"spikes_per_ms":0.04885672777891159,"avg_i_syn":1.4459314346313477,"_timestamp":1.7685108029991949e+09,"_runtime":2249.979696855}