{"sparsity":0.5009937882423401,"eval_fitness":0.10421659052371979,"fitness":0.10349445790052414,"spikes_per_ms":0.013696215115487576,"avg_i_syn":0.40284720063209534,"_timestamp":1.769589602485786e+09,"_step":500,"_wandb":{"runtime":180},"_runtime":180.600416926}