{"spikes_per_ms":0.00019557935593184084,"eval_fitness":0.10739780962467194,"avg_i_syn":0.010706387460231781,"sparsity":0.49915340542793274,"fitness":0.10752996802330017,"_runtime":183.730995117,"_step":500,"_timestamp":1.7696106891501827e+09,"_wandb":{"runtime":183}}