{"_timestamp":1.7696749335265e+09,"eval_fitness":0.10477979481220245,"sparsity":0.5001506209373474,"_runtime":184.139135718,"_step":500,"_wandb":{"runtime":184},"avg_i_syn":1.6114546060562134,"fitness":0.10296620428562164,"spikes_per_ms":0.030232002958655357}