{"_timestamp":1.769851908651719e+09,"_step":500,"sparsity":0.5006278157234192,"fitness":0.10000471025705338,"_wandb":{"runtime":211},"avg_i_syn":42.914100646972656,"_runtime":211.223041639,"eval_fitness":0.1001548022031784,"spikes_per_ms":0.3958697021007538}