{"_step":1000,"spikes_per_ms":1.7543368339538574,"avg_i_syn":520.6552124023438,"fitness":0.1082589328289032,"_wandb":{"runtime":2679},"eval_fitness":0.0859375,"_runtime":2679.510998401,"sparsity":0.5001708269119263,"_timestamp":1.7683290596393697e+09}