{"spikes_per_ms":0.5196070671081543,"_timestamp":1.769851431827717e+09,"_step":500,"avg_i_syn":57.742427825927734,"_wandb":{"runtime":221},"_runtime":221.241419979,"eval_fitness":0.10007943958044052,"fitness":0.10008643567562103,"sparsity":0.5002369284629822}