{"spikes_per_ms":0.03953535482287407,"fitness":0.2087053656578064,"_runtime":2309.993949444,"eval_fitness":0.203125,"_timestamp":1.7684978759765985e+09,"sparsity":0.49988657236099243,"avg_i_syn":0.5825333595275879,"_wandb":{"runtime":2309},"_step":1000}