{"eval_fitness":0.10387371480464935,"_runtime":186.96141405,"fitness":0.10484243929386139,"sparsity":0.4997559189796448,"avg_i_syn":0.2588242292404175,"_wandb":{"runtime":186},"_timestamp":1.769673772489873e+09,"spikes_per_ms":0.005477578844875097,"_step":500}