{"eval_fitness":0.21875,"_wandb":{"runtime":2320},"fitness":0.2287946492433548,"avg_i_syn":0.795807957649231,"_runtime":2320.884657864,"sparsity":0.4994094669818878,"_step":1000,"spikes_per_ms":0.034467004239559174,"_timestamp":1.7684717437781072e+09}