{"_timestamp":1.7695937363510098e+09,"_wandb":{"runtime":181},"_runtime":181.08679231,"avg_i_syn":0.27235549688339233,"eval_fitness":0.10418723523616791,"_step":500,"sparsity":0.5010702013969421,"fitness":0.10465279966592789,"spikes_per_ms":0.008672700263559818}