{"avg_i_syn":0.2552604079246521,"_wandb":{"runtime":2289},"eval_fitness":0.203125,"sparsity":0.49993517994880676,"_timestamp":1.768521652337047e+09,"_runtime":2289.785444426,"fitness":0.2176339328289032,"spikes_per_ms":0.034101102501153946,"_step":1000}