{"eval_fitness":0.10000000149011612,"_wandb":{"runtime":1352},"sparsity":0.5005317330360413,"fitness":0.10000355541706085,"spikes_per_ms":1.8275539875030518,"avg_i_syn":24.533203125,"_runtime":1352.244456957,"_timestamp":1.7691624636940184e+09,"_step":500}