{"fitness":0.1055523231625557,"spikes_per_ms":7.146275311242789e-05,"_wandb":{"runtime":184},"sparsity":0.49964505434036255,"_timestamp":1.7696184433986604e+09,"_step":500,"eval_fitness":0.1073700338602066,"_runtime":184.07738537,"avg_i_syn":0.004323330242186785}