{"sparsity":0.5006555914878845,"avg_i_syn":522.6063842773438,"eval_fitness":85.88662719726562,"_timestamp":1.768208369563424e+09,"_step":1000,"_wandb":{"runtime":1191},"fitness":85.92228698730469,"spikes_per_ms":1.627937912940979,"_runtime":1191.93363107}