{"spikes_per_ms":0.0028558147605508566,"fitness":0.10278121381998062,"avg_i_syn":0.14211608469486237,"_wandb":{"runtime":188},"sparsity":0.498441219329834,"_timestamp":1.7696735529584472e+09,"_step":500,"_runtime":188.124184264,"eval_fitness":0.09968014061450958}