{"_timestamp":1.7699343824395256e+09,"spikes_per_ms":0.06582824885845184,"eval_fitness":0.10135823488235474,"_step":500,"sparsity":0.49967923760414124,"avg_i_syn":3.1508679389953613,"_wandb":{"runtime":222},"fitness":0.10062261670827866,"_runtime":222.273699862}