{"_runtime":181.945805269,"_step":500,"avg_i_syn":0.004323330242186785,"sparsity":0.49964505434036255,"eval_fitness":0.1073700338602066,"spikes_per_ms":7.146275311242789e-05,"_wandb":{"runtime":181},"_timestamp":1.7696113806934886e+09,"fitness":0.1055523231625557}