{"_wandb":{"runtime":172},"sparsity":0.5004138946533203,"_timestamp":1.7695742062816923e+09,"avg_i_syn":520.80810546875,"_runtime":172.455501737,"fitness":0.10000001639127731,"eval_fitness":0.10000000149011612,"spikes_per_ms":1.6787898540496826,"_step":500}