{"fitness":0.1001645177602768,"_step":500,"_wandb":{"runtime":175},"spikes_per_ms":0.00017065838619600981,"avg_i_syn":0.006345588713884354,"eval_fitness":0.10016164183616638,"_runtime":175.207606725,"_timestamp":1.7695871016031306e+09,"sparsity":0.499714195728302}