{"_step":1000,"_runtime":1191.558530126,"sparsity":0.5000748038291931,"avg_i_syn":522.8922119140625,"_timestamp":1.7682144881257129e+09,"fitness":85.90198516845703,"_wandb":{"runtime":1191},"eval_fitness":85.92353820800781,"spikes_per_ms":1.7333405017852783}