{"eval_fitness":0.10051502287387848,"_wandb":{"runtime":181},"sparsity":0.5001037120819092,"spikes_per_ms":6.575242878170684e-05,"avg_i_syn":0.003755909623578191,"fitness":0.10272978246212006,"_runtime":181.285958356,"_step":500,"_timestamp":1.769617429188715e+09}