{"_step":1000,"_runtime":1191.510106704,"sparsity":0.5015428066253662,"fitness":85.92208862304688,"spikes_per_ms":1.6961780786514282,"avg_i_syn":523.941650390625,"eval_fitness":85.91850280761719,"_wandb":{"runtime":1191},"_timestamp":1.7682046916260648e+09}