{"avg_i_syn":24.569318771362305,"_wandb":{"runtime":1335},"_timestamp":1.7691665232608254e+09,"sparsity":0.4995049834251404,"spikes_per_ms":1.8266173601150513,"_runtime":1335.307046037,"eval_fitness":0.10000000149011612,"fitness":0.1000218614935875,"_step":500}