{"avg_i_syn":0.0865805447101593,"_step":500,"_runtime":178.535932553,"spikes_per_ms":0.002540278946980834,"fitness":0.10191503912210464,"_timestamp":1.7695930654198093e+09,"eval_fitness":0.10149474442005157,"sparsity":0.49976930022239685,"_wandb":{"runtime":178}}