{"eval_fitness":0.10443170368671417,"fitness":0.10349693894386292,"spikes_per_ms":0.003323187353089452,"_timestamp":1.7696742230555217e+09,"_step":500,"sparsity":0.5010979771614075,"_runtime":188.828169786,"_wandb":{"runtime":188},"avg_i_syn":0.18285617232322693}