{"avg_i_syn":11.580058097839355,"sparsity":0.500011682510376,"fitness":0.10009415447711945,"_step":500,"spikes_per_ms":0.6178715229034424,"eval_fitness":0.1000896543264389,"_timestamp":1.769320935965356e+09,"_runtime":1314.637092491,"_wandb":{"runtime":1314}}