{"sparsity":0.49990200996398926,"_timestamp":1.76821606366343e+09,"_wandb":{"runtime":1195},"eval_fitness":85.88536071777344,"fitness":85.91216278076172,"spikes_per_ms":1.6957389116287231,"_step":1000,"_runtime":1195.091601389,"avg_i_syn":523.4181518554688}