{"_timestamp":1.769934616841196e+09,"_runtime":223.339641008,"sparsity":0.49955880641937256,"spikes_per_ms":0.05128413811326027,"eval_fitness":0.10005301237106323,"fitness":0.10039735585451126,"_step":500,"_wandb":{"runtime":223},"avg_i_syn":1.9728014469146729}