{"avg_i_syn":0.0006754276691935956,"eval_fitness":0.10035093128681183,"_wandb":{"runtime":187},"fitness":0.10014499723911285,"_timestamp":1.7696161521470466e+09,"_runtime":187.769691034,"spikes_per_ms":1.189321937999921e-05,"sparsity":0.500179648399353,"_step":500}