{"sparsity":0.4998619854450226,"spikes_per_ms":0.01914874278008938,"_timestamp":1.7692398833156548e+09,"_wandb":{"runtime":1305},"_step":500,"avg_i_syn":0.12091925740242004,"eval_fitness":0.3065953254699707,"_runtime":1305.382022821,"fitness":0.29234910011291504}