{"fitness":0.10472608357667923,"_runtime":181.989209634,"avg_i_syn":0.0028157448396086693,"eval_fitness":0.10165967047214508,"sparsity":0.501173734664917,"_timestamp":1.7696095523582842e+09,"_wandb":{"runtime":181},"_step":500,"spikes_per_ms":6.351125193759799e-05}