{"_wandb":{"runtime":2761},"avg_i_syn":0.03617838770151138,"eval_fitness":0.3183034658432007,"fitness":0.30391645431518555,"_runtime":2761.163127389,"_step":1000,"_timestamp":1.769179388543357e+09,"sparsity":0.49936434626579285,"spikes_per_ms":0.007076880894601345}