{"_timestamp":1.7682172953814003e+09,"eval_fitness":85.885009765625,"_step":1000,"fitness":85.9139633178711,"_wandb":{"runtime":1194},"sparsity":0.5002197027206421,"_runtime":1194.878288522,"avg_i_syn":522.774169921875,"spikes_per_ms":1.7198444604873657}