{"_wandb":{"runtime":10670},"_timestamp":1.7656524070147173e+09,"fitness":150.0697021484375,"spikes_per_ms":1.7347484827041626,"_step":1000,"_runtime":10670.690189781,"eval_fitness":176.6577911376953,"sparsity":0.5000371336936951,"avg_i_syn":199.59934997558594}