{"eval_fitness":0.09869837760925293,"spikes_per_ms":1.3143318938091397e-05,"_timestamp":1.769608435069529e+09,"avg_i_syn":0.0004963008686900139,"_step":500,"sparsity":0.4999908208847046,"_runtime":183.790013356,"fitness":0.10183719545602798,"_wandb":{"runtime":183}}