{"_wandb":{"runtime":223},"fitness":0.1004958227276802,"_runtime":223.305195693,"eval_fitness":0.10056983679533005,"sparsity":0.5000463724136353,"_step":500,"avg_i_syn":1.2375880479812622,"spikes_per_ms":0.02929869294166565,"_timestamp":1.7699341450367715e+09}