{"eval_fitness":0.2265625,"spikes_per_ms":0.027796974405646324,"sparsity":0.500045120716095,"_step":1000,"_runtime":2344.924565547,"avg_i_syn":0.42410752177238464,"fitness":0.2299107313156128,"_timestamp":1.7684624902529275e+09,"_wandb":{"runtime":2344}}