{"sparsity":0.49911588430404663,"_wandb":{"runtime":2336},"spikes_per_ms":0.05090722814202309,"_step":1000,"avg_i_syn":0.7437239289283752,"eval_fitness":0.2421875,"_timestamp":1.7685004816713247e+09,"fitness":0.2053571492433548,"_runtime":2336.848271331}