{"_step":500,"_runtime":183.030534241,"sparsity":0.5000949501991272,"avg_i_syn":0.020803799852728844,"fitness":0.10289029777050018,"_timestamp":1.7696109366492167e+09,"eval_fitness":0.10242553055286407,"spikes_per_ms":0.0003938172885682434,"_wandb":{"runtime":183}}