{"_step":500,"fitness":0.10240288823843002,"eval_fitness":0.1043914407491684,"_timestamp":1.7696059444393616e+09,"avg_i_syn":1.4186071157455444,"sparsity":0.5003702640533447,"_runtime":180.330994844,"_wandb":{"runtime":180},"spikes_per_ms":0.025845561176538467}