{"fitness":0.103544682264328,"sparsity":0.4990052282810211,"avg_i_syn":0.18411864340305328,"spikes_per_ms":0.0034943767823278904,"_step":500,"_timestamp":1.7696131943738565e+09,"_wandb":{"runtime":181},"_runtime":181.648346999,"eval_fitness":0.09906702488660812}