{"_timestamp":1.7696006622683358e+09,"sparsity":0.5009782314300537,"_runtime":184.665003105,"_step":500,"fitness":0.10123518854379654,"eval_fitness":0.10120688378810883,"_wandb":{"runtime":184},"avg_i_syn":18.687904357910156,"spikes_per_ms":0.41099125146865845}