{"_wandb":{"runtime":177},"sparsity":0.4997957944869995,"spikes_per_ms":0.01424049399793148,"fitness":0.10230989754199982,"_timestamp":1.7695993310781248e+09,"_runtime":177.916884366,"avg_i_syn":0.6518089771270752,"_step":500,"eval_fitness":0.10221698880195618}