{"_runtime":1217.051855096,"_step":1000,"eval_fitness":85.91749572753906,"avg_i_syn":526.6791381835938,"fitness":85.91792297363281,"sparsity":0.49868765473365784,"_timestamp":1.7681947805528631e+09,"_wandb":{"runtime":1217},"spikes_per_ms":1.72879958152771}