{"_timestamp":1.7683133439745483e+09,"sparsity":0.5003615021705627,"avg_i_syn":522.4940795898438,"_wandb":{"runtime":2666},"spikes_per_ms":1.7050970792770386,"_step":1000,"_runtime":2666.607489948,"fitness":0.1082589328289032,"eval_fitness":0.0859375}