{"_runtime":184.799508782,"eval_fitness":0.10914401710033417,"fitness":0.10509464144706726,"avg_i_syn":0.12566053867340088,"_step":500,"_wandb":{"runtime":184},"_timestamp":1.7696116037471862e+09,"sparsity":0.5003054141998291,"spikes_per_ms":0.002960415091365576}