{"avg_i_syn":8.511697769165039,"spikes_per_ms":0.18455947935581207,"fitness":0.10173820704221725,"_runtime":184.875869418,"_timestamp":1.7696004418889303e+09,"sparsity":0.4991350769996643,"_wandb":{"runtime":184},"eval_fitness":0.10195457935333252,"_step":500}