{"fitness":0.10751224309206009,"_step":500,"_wandb":{"runtime":183},"eval_fitness":0.10642417520284653,"sparsity":0.5007185935974121,"_runtime":183.346359625,"avg_i_syn":0.007772478740662336,"spikes_per_ms":0.0001690453354967758,"_timestamp":1.769616665986967e+09}