{"fitness":0.10000001639127731,"_wandb":{"runtime":174},"_step":500,"avg_i_syn":243.96945190429688,"_runtime":174.945049553,"eval_fitness":0.10000000149011612,"sparsity":0.5004138946533203,"spikes_per_ms":1.650840401649475,"_timestamp":1.769573208100166e+09}