{"spikes_per_ms":1.7309032678604126,"fitness":85.92218780517578,"_runtime":1192.167675099,"_step":1000,"avg_i_syn":526.6212158203125,"eval_fitness":85.9207763671875,"sparsity":0.49937790632247925,"_timestamp":1.768222255467915e+09,"_wandb":{"runtime":1192}}