{"_timestamp":1.770448841417133e+09,"eval_fitness":0.1561269760131836,"_runtime":282.084011797,"sparsity":0.5006569623947144,"fitness":0.15370798110961914,"_wandb":{"runtime":282},"spikes_per_ms":0.703114926815033,"avg_i_syn":0.0010532814776524901,"_step":500}