{"_timestamp":1.7704771587735198e+09,"_wandb":{"runtime":7849},"_runtime":7849.964247739,"_step":200,"fitness":0.9897525906562805,"eval_fitness":0.9936265349388123,"grad_norm":0.0007725465693511069,"sparsity":0.5561002492904663}