{"_step":500,"_runtime":184.130952166,"eval_fitness":0.10213033109903336,"fitness":0.10464481264352798,"spikes_per_ms":5.86040441703517e-05,"avg_i_syn":0.0020271651446819305,"_timestamp":1.7696152572943404e+09,"_wandb":{"runtime":184},"sparsity":0.500695526599884}