{"eval_fitness":0.10550124943256378,"avg_i_syn":0.0007904056110419333,"sparsity":0.49940574169158936,"_timestamp":1.769617177370659e+09,"fitness":0.10039892047643661,"spikes_per_ms":1.2011090802843682e-05,"_runtime":181.932146447,"_wandb":{"runtime":181},"_step":500}