{"_wandb":{"runtime":183},"fitness":0.10476049780845642,"_timestamp":1.7696758313947403e+09,"_runtime":183.665518961,"sparsity":0.5005530714988708,"eval_fitness":0.1063084751367569,"spikes_per_ms":0.021163303405046463,"avg_i_syn":1.2785100936889648,"_step":500}