{"sparsity":0.5007185339927673,"_timestamp":1.7695898208577356e+09,"avg_i_syn":0.6409202814102173,"eval_fitness":0.10171876847743988,"_step":500,"spikes_per_ms":0.022087646648287773,"_wandb":{"runtime":180},"_runtime":180.229364801,"fitness":0.10324564576148987}