{"avg_i_syn":522.1804809570312,"_step":1000,"_timestamp":1.7683003083977582e+09,"_wandb":{"runtime":2659},"eval_fitness":0.0859375,"fitness":0.1082589328289032,"spikes_per_ms":1.7051310539245605,"_runtime":2659.298150074,"sparsity":0.5003615021705627}