{"_step":500,"sparsity":0.5001939535140991,"spikes_per_ms":0.0052084773778915405,"_timestamp":1.7696124848776197e+09,"_wandb":{"runtime":183},"_runtime":183.281550707,"avg_i_syn":0.264676570892334,"eval_fitness":0.10469448566436768,"fitness":0.10769781470298767}