{"_wandb":{"runtime":2647},"_runtime":2647.537010724,"_step":1000,"fitness":0.1082589328289032,"sparsity":0.49956050515174866,"avg_i_syn":525.7906494140625,"_timestamp":1.7683443935029602e+09,"eval_fitness":0.0859375,"spikes_per_ms":1.71633780002594}