{"sparsity":0.49988657236099243,"fitness":0.2087053656578064,"_step":1000,"_timestamp":1.7684210516905608e+09,"_wandb":{"runtime":2298},"_runtime":2298.442247838,"spikes_per_ms":0.03953535482287407,"avg_i_syn":0.5825333595275879,"eval_fitness":0.203125}