{"avg_i_syn":1.3812572956085205,"fitness":0.1953125149011612,"_timestamp":1.768476954622408e+09,"sparsity":0.5005248785018921,"_wandb":{"runtime":2345},"eval_fitness":0.203125,"_runtime":2345.518873942,"spikes_per_ms":0.06302980333566666,"_step":1000}