{"eval_fitness":0.10000838339328766,"sparsity":0.5004618763923645,"_step":500,"spikes_per_ms":0.6228471398353577,"_wandb":{"runtime":1313},"_timestamp":1.7693250472286708e+09,"fitness":0.10005155950784683,"avg_i_syn":15.50467300415039,"_runtime":1313.960000025}