{"spikes_per_ms":0.023499460890889168,"_step":500,"eval_fitness":0.10382203012704849,"_wandb":{"runtime":189},"_timestamp":1.7695891647704906e+09,"_runtime":189.588542013,"fitness":0.10339765250682831,"avg_i_syn":0.49296149611473083,"sparsity":0.5000485181808472}