{"avg_i_syn":0.06212393566966057,"_wandb":{"runtime":1307},"spikes_per_ms":0.010809805244207382,"_timestamp":1.7692330838997285e+09,"_step":500,"_runtime":1307.513460339,"fitness":0.38439422845840454,"eval_fitness":0.39987123012542725,"sparsity":0.5000914335250854}