{"_runtime":179.964811614,"avg_i_syn":0.12560038268566132,"_timestamp":1.7695924025457497e+09,"spikes_per_ms":0.0052760750986635685,"fitness":0.10335049033164978,"eval_fitness":0.10246166586875916,"sparsity":0.500296950340271,"_wandb":{"runtime":179},"_step":500}