{"_timestamp":1.7685826724579659e+09,"_step":1000,"_wandb":{"runtime":2346},"_runtime":2346.800868805,"sparsity":0.49957239627838135,"spikes_per_ms":0.014744209125638008,"avg_i_syn":0.08398477733135223,"eval_fitness":0.21875,"fitness":0.2890625}