{"avg_i_syn":1.5788240432739258,"spikes_per_ms":0.0358767956495285,"eval_fitness":0.1023896336555481,"_timestamp":1.7695995571643975e+09,"fitness":0.10212059319019318,"sparsity":0.5003145933151245,"_runtime":185.214258037,"_wandb":{"runtime":185},"_step":500}