{"fitness":0.1082589328289032,"avg_i_syn":525.831298828125,"spikes_per_ms":1.716825246810913,"_runtime":2661.393109899,"eval_fitness":0.0859375,"_timestamp":1.7683594403823907e+09,"sparsity":0.49956050515174866,"_step":1000,"_wandb":{"runtime":2661}}