{"eval_fitness":0.10244439542293549,"avg_i_syn":0.09358066320419312,"_runtime":178.250220977,"_step":500,"_wandb":{"runtime":178},"fitness":0.10323817282915115,"sparsity":0.4994840919971466,"_timestamp":1.7695921801490107e+09,"spikes_per_ms":0.0037232020404189825}