{"eval_fitness":0.10000000149011612,"sparsity":0.5004138946533203,"_step":500,"_runtime":172.117631188,"avg_i_syn":468.1839599609375,"fitness":0.10000001639127731,"spikes_per_ms":1.6336828470230103,"_wandb":{"runtime":172},"_timestamp":1.7695746329028864e+09}