{"_runtime":2363.24615175,"_timestamp":1.768564514434388e+09,"sparsity":0.5004082322120667,"_wandb":{"runtime":2363},"_step":1000,"avg_i_syn":0.09838297963142395,"fitness":0.3024553656578064,"spikes_per_ms":0.014990952797234058,"eval_fitness":0.28125}