{"avg_i_syn":521.9685668945312,"spikes_per_ms":1.7060785293579102,"_wandb":{"runtime":1217},"_runtime":1217.013230386,"_timestamp":1.7681960343852851e+09,"_step":1000,"eval_fitness":85.92298889160156,"sparsity":0.49936649203300476,"fitness":85.91814422607422}