{"_timestamp":1.769609107975242e+09,"_wandb":{"runtime":183},"sparsity":0.5014244318008423,"fitness":0.10226824879646301,"_step":500,"eval_fitness":0.10073740780353546,"_runtime":183.852307504,"avg_i_syn":0.011644043028354645,"spikes_per_ms":0.00032459889189340174}