{"_wandb":{"runtime":206},"sparsity":0.5010504126548767,"fitness":0.10449863225221634,"spikes_per_ms":0.05528116971254349,"eval_fitness":0.10822936147451401,"avg_i_syn":3.438876152038574,"_runtime":206.811804201,"_step":500,"_timestamp":1.7697578394262757e+09}