{"fitness":0.2053571492433548,"sparsity":0.49911588430404663,"_wandb":{"runtime":2300},"_runtime":2300.733812016,"eval_fitness":0.2421875,"_timestamp":1.768534526782903e+09,"_step":1000,"avg_i_syn":0.7437239289283752,"spikes_per_ms":0.05090722814202309}