{"spikes_per_ms":0.0052084773778915405,"fitness":0.10769781470298767,"_runtime":181.317000324,"eval_fitness":0.10469448566436768,"_wandb":{"runtime":181},"_timestamp":1.7696196198896778e+09,"avg_i_syn":0.264676570892334,"sparsity":0.5001939535140991,"_step":500}