{"eval_fitness":0.09948917478322983,"_timestamp":1.7696075483714805e+09,"_runtime":181.693014034,"spikes_per_ms":1.0558171197772026e-05,"fitness":0.10133066028356552,"sparsity":0.4999162256717682,"_wandb":{"runtime":181},"_step":500,"avg_i_syn":0.0003561301564332098}