{"_runtime":1192.338111128,"_step":1000,"fitness":85.92418670654297,"_wandb":{"runtime":1192},"sparsity":0.5002464056015015,"_timestamp":1.768209601166379e+09,"avg_i_syn":525.5570068359375,"spikes_per_ms":1.6995837688446045,"eval_fitness":85.91842651367188}