{"eval_fitness":0.0859375,"fitness":0.1082589328289032,"_timestamp":1.7683185811014998e+09,"sparsity":0.5003615021705627,"spikes_per_ms":1.7050970792770386,"_step":1000,"avg_i_syn":522.4940795898438,"_wandb":{"runtime":2679},"_runtime":2679.006590989}