{"avg_i_syn":0.004040457773953676,"_timestamp":1.7695862356962228e+09,"_runtime":176.037550952,"_step":500,"sparsity":0.5004991888999939,"fitness":0.10017409175634384,"eval_fitness":0.10010869055986404,"_wandb":{"runtime":176},"spikes_per_ms":0.00014625304902438074}