{"avg_i_syn":24.57537841796875,"sparsity":0.5004518032073975,"_wandb":{"runtime":1351},"spikes_per_ms":1.827055811882019,"_timestamp":1.7691584937973423e+09,"fitness":0.10000673681497574,"eval_fitness":0.10000000149011612,"_runtime":1351.48134221,"_step":500}