{"avg_i_syn":523.176025390625,"_runtime":1197.019565423,"fitness":85.91777801513672,"_step":1000,"_wandb":{"runtime":1197},"eval_fitness":85.92015838623047,"spikes_per_ms":1.7360635995864868,"sparsity":0.5012853145599365,"_timestamp":1.7682295879407408e+09}