{"sparsity":0.5018400549888611,"_timestamp":1.770445264122518e+09,"_step":500,"avg_i_syn":0.00045885404688306153,"spikes_per_ms":0.3877558410167694,"_runtime":289.440807618,"eval_fitness":0.15431256592273712,"fitness":0.1553434133529663,"_wandb":{"runtime":289}}