{"_runtime":285.669259,"sparsity":0.5006051659584045,"fitness":0.18467260897159576,"_wandb":{"runtime":285},"_timestamp":1.7704459939677024e+09,"_step":500,"spikes_per_ms":0.5955711603164673,"avg_i_syn":0.0001433608849765733,"eval_fitness":0.192344069480896}