{"_runtime":180.896736007,"avg_i_syn":0.21231061220169067,"sparsity":0.4999592900276184,"spikes_per_ms":0.005089767277240753,"_step":500,"fitness":0.10244814306497574,"_timestamp":1.7695944193128834e+09,"eval_fitness":0.10205040872097015,"_wandb":{"runtime":180}}