{"avg_i_syn":0.42386746406555176,"sparsity":0.5006117820739746,"_timestamp":1.7695948607336667e+09,"spikes_per_ms":0.01101901289075613,"_runtime":180.811306054,"_step":500,"fitness":0.10212843865156174,"eval_fitness":0.10300436615943909,"_wandb":{"runtime":180}}