{"_runtime":2688.450182879,"sparsity":0.4995785653591156,"eval_fitness":0.2578125,"_wandb":{"runtime":2688},"_step":1000,"avg_i_syn":0.1874723583459854,"fitness":0.2622767984867096,"spikes_per_ms":0.024142025038599968,"_timestamp":1.7683973549122472e+09}