{"_runtime":203.190639934,"avg_i_syn":0.44449669122695923,"_wandb":{"runtime":203},"_timestamp":1.7697603437869406e+09,"fitness":0.10294129699468613,"sparsity":0.49954381585121155,"spikes_per_ms":0.008749326691031456,"_step":500,"eval_fitness":0.10127363353967667}