{"sparsity":0.5001708269119263,"_timestamp":1.7683316307230358e+09,"fitness":0.1082589328289032,"avg_i_syn":520.6552124023438,"_runtime":2636.392579474,"eval_fitness":0.0859375,"spikes_per_ms":1.7543368339538574,"_step":1000,"_wandb":{"runtime":2636}}