{"_wandb":{"runtime":182},"spikes_per_ms":0.00032569156610406935,"sparsity":0.5010560154914856,"fitness":0.10350016504526138,"eval_fitness":0.10382859408855438,"_timestamp":1.7696147689224033e+09,"_step":500,"avg_i_syn":0.008848347701132298,"_runtime":182.468952495}