{"eval_fitness":0.09958532452583313,"spikes_per_ms":0.0068152849562466145,"_wandb":{"runtime":183},"_runtime":183.850051762,"fitness":0.10268495231866837,"_timestamp":1.769675290322018e+09,"avg_i_syn":0.4065815210342407,"_step":500,"sparsity":0.500603199005127}