{"_timestamp":1.7696188936996264e+09,"sparsity":0.4999237656593323,"eval_fitness":0.10323619097471237,"_wandb":{"runtime":185},"_runtime":185.517546218,"fitness":0.10173794627189636,"spikes_per_ms":0.0028608650900423527,"_step":500,"avg_i_syn":0.134565070271492}