{"_timestamp":1.7697641542062192e+09,"avg_i_syn":1.1367161273956299,"eval_fitness":0.10672827064990997,"_step":500,"_wandb":{"runtime":203},"sparsity":0.49986979365348816,"_runtime":203.937479141,"spikes_per_ms":0.02138887159526348,"fitness":0.10723285377025604}