{"_step":500,"eval_fitness":0.10073740780353546,"_timestamp":1.7696159155244122e+09,"fitness":0.10226824879646301,"_runtime":188.941849541,"_wandb":{"runtime":188},"spikes_per_ms":0.00032459889189340174,"sparsity":0.5014244318008423,"avg_i_syn":0.011644043028354645}