{"sparsity":0.5003054141998291,"_wandb":{"runtime":184},"_timestamp":1.7696186675522883e+09,"fitness":0.10509464144706726,"avg_i_syn":0.12566053867340088,"spikes_per_ms":0.002960415091365576,"eval_fitness":0.10914401710033417,"_runtime":184.118839273,"_step":500}