{"fitness":0.1001608818769455,"_timestamp":1.7695879700131571e+09,"_runtime":171.517553694,"sparsity":0.49995335936546326,"spikes_per_ms":0.00017042210674844682,"avg_i_syn":0.007878577336668968,"eval_fitness":0.10013417899608612,"_wandb":{"runtime":171},"_step":500}