{"eval_fitness":0.10155974328517914,"fitness":0.10191307961940765,"_timestamp":1.7695919523929024e+09,"_runtime":177.239180991,"spikes_per_ms":0.00229042605496943,"_step":500,"avg_i_syn":0.0587259940803051,"sparsity":0.5007479190826416,"_wandb":{"runtime":177}}