{"eval_fitness":0.10035093128681183,"_wandb":{"runtime":181},"sparsity":0.500179648399353,"_runtime":181.660828253,"spikes_per_ms":1.189321937999921e-05,"_step":500,"fitness":0.10014499723911285,"_timestamp":1.7696093316867273e+09,"avg_i_syn":0.0006754276691935956}