{"sparsity":0.5015919208526611,"_runtime":285.854461344,"_step":500,"_wandb":{"runtime":285},"avg_i_syn":0.012807860039174557,"_timestamp":1.7704456020511968e+09,"fitness":0.14796791970729828,"spikes_per_ms":0.45256173610687256,"eval_fitness":0.15558117628097534}