{"_runtime":181.181310063,"_wandb":{"runtime":181},"_timestamp":1.7695950806375988e+09,"avg_i_syn":0.5540887117385864,"fitness":0.1032281443476677,"sparsity":0.4998486340045929,"eval_fitness":0.10373979806900024,"spikes_per_ms":0.01469369512051344,"_step":500}