{"_runtime":1217.500849422,"fitness":85.90641784667969,"eval_fitness":85.92060852050781,"sparsity":0.4996550679206848,"_step":1000,"_timestamp":1.7682010224871283e+09,"_wandb":{"runtime":1217},"avg_i_syn":527.9611206054688,"spikes_per_ms":1.6390615701675415}