{"_timestamp":1.7684795597070878e+09,"_runtime":2364.291661351,"_step":1000,"fitness":0.1975446492433548,"_wandb":{"runtime":2364},"avg_i_syn":1.4459314346313477,"eval_fitness":0.1640625,"spikes_per_ms":0.04885672777891159,"sparsity":0.4988703727722168}