{"_wandb":{"runtime":1192},"_step":1000,"_runtime":1192.272629323,"avg_i_syn":525.6024169921875,"fitness":85.92196655273438,"_timestamp":1.7682246976769843e+09,"eval_fitness":85.9209213256836,"sparsity":0.5007750988006592,"spikes_per_ms":1.655777931213379}