{"_step":1000,"spikes_per_ms":0.034101102501153946,"_timestamp":1.7684899829033687e+09,"avg_i_syn":0.2552604079246521,"fitness":0.2176339328289032,"eval_fitness":0.203125,"_wandb":{"runtime":2294},"_runtime":2294.712158454,"sparsity":0.49993517994880676}