{"_step":500,"_wandb":{"runtime":184},"_runtime":184.872613129,"sparsity":0.5010560154914856,"_timestamp":1.7696082100807292e+09,"eval_fitness":0.10382859408855438,"spikes_per_ms":0.00032569156610406935,"avg_i_syn":0.008848347701132298,"fitness":0.10350016504526138}