{"eval_fitness":0.28125,"_wandb":{"runtime":2342},"_runtime":2342.528879032,"spikes_per_ms":0.014990952797234058,"_timestamp":1.7685906491528225e+09,"avg_i_syn":0.09838297963142395,"fitness":0.3024553656578064,"sparsity":0.5004082322120667,"_step":1000}