{"sparsity":0.4999113380908966,"_runtime":2357.377305569,"avg_i_syn":0.06987366825342178,"eval_fitness":0.2734375,"_timestamp":1.7685737783068304e+09,"_step":1000,"fitness":0.3002232313156128,"spikes_per_ms":0.014285391196608543,"_wandb":{"runtime":2357}}