{"eval_fitness":0.10098934173583984,"_step":500,"spikes_per_ms":0.9609583020210266,"_timestamp":1.7696011066850092e+09,"avg_i_syn":43.41093444824219,"sparsity":0.49961525201797485,"_wandb":{"runtime":183},"_runtime":183.226440048,"fitness":0.10112346708774567}