{"avg_i_syn":5.107843399047852,"eval_fitness":0.10297809541225433,"_runtime":182.728201251,"sparsity":0.5005106329917908,"fitness":0.1022716611623764,"_timestamp":1.769599998847407e+09,"_step":500,"spikes_per_ms":0.1186455562710762,"_wandb":{"runtime":182}}