{"eval_fitness":0.09842793643474579,"_wandb":{"runtime":182},"_runtime":182.636208765,"spikes_per_ms":0.00033065848401747644,"avg_i_syn":0.015063036233186722,"fitness":0.10285655409097672,"_timestamp":1.7696169060401433e+09,"_step":500,"sparsity":0.5002492070198059}