{"_step":500,"eval_fitness":0.10236560553312302,"fitness":0.10112152993679047,"_wandb":{"runtime":187},"sparsity":0.5003003478050232,"_runtime":187.454635735,"avg_i_syn":0.0014051562175154686,"spikes_per_ms":1.393308957631234e-05,"_timestamp":1.7696129689872305e+09}