{"eval_fitness":0.10002242028713226,"sparsity":0.5010715126991272,"_step":500,"fitness":0.09999004006385803,"_wandb":{"runtime":1313},"_runtime":1313.506225423,"spikes_per_ms":0.6372580528259277,"avg_i_syn":19.53268051147461,"_timestamp":1.7693277901359055e+09}