{"_wandb":{"runtime":181},"spikes_per_ms":0.0001690453354967758,"_step":500,"avg_i_syn":0.007772478740662336,"_timestamp":1.7696097791140754e+09,"fitness":0.10751224309206009,"eval_fitness":0.10642417520284653,"_runtime":181.888718416,"sparsity":0.5007185935974121}