{"sparsity":0.5004534721374512,"spikes_per_ms":0.043508999049663544,"_wandb":{"runtime":2260},"fitness":0.2053571492433548,"_runtime":2260.529737639,"avg_i_syn":0.3185621201992035,"_timestamp":1.7685249016244817e+09,"_step":1000,"eval_fitness":0.2109375}