{"_timestamp":1.7697633576449542e+09,"_wandb":{"runtime":200},"fitness":0.10292782634496689,"eval_fitness":0.10417398810386658,"_runtime":200.578667123,"sparsity":0.501064658164978,"spikes_per_ms":0.014736208133399487,"_step":500,"avg_i_syn":0.8356327414512634}