{"fitness":0.3392857313156128,"eval_fitness":0.328125,"avg_i_syn":0.042648594826459885,"_step":1000,"sparsity":0.5002973675727844,"_wandb":{"runtime":2371},"spikes_per_ms":0.007072250358760357,"_runtime":2371.851565073,"_timestamp":1.768579996325999e+09}