{"sparsity":0.5001708269119263,"fitness":0.1082589328289032,"_runtime":2663.826590384,"spikes_per_ms":1.754158854484558,"avg_i_syn":520.4483032226562,"_wandb":{"runtime":2663},"eval_fitness":0.0859375,"_step":1000,"_timestamp":1.768323803850373e+09}