{"_wandb":{"runtime":1305},"eval_fitness":0.256060928106308,"_step":500,"fitness":0.27917468547821045,"sparsity":0.50004643201828,"_runtime":1305.137680589,"avg_i_syn":0.11194641143083572,"_timestamp":1.7692425974952834e+09,"spikes_per_ms":0.015399692580103874}