{"fitness":0.10142745077610016,"_timestamp":1.769591131303003e+09,"_wandb":{"runtime":178},"_runtime":178.186128733,"sparsity":0.5004565119743347,"avg_i_syn":3.221339225769043,"eval_fitness":0.10033681243658066,"_step":500,"spikes_per_ms":0.0956675261259079}