{"avg_i_syn":0.7437239289283752,"_timestamp":1.7684690012864647e+09,"eval_fitness":0.2421875,"_wandb":{"runtime":2345},"fitness":0.2053571492433548,"_runtime":2345.369045882,"sparsity":0.49911588430404663,"spikes_per_ms":0.05090722814202309,"_step":1000}