{"_wandb":{"runtime":176},"spikes_per_ms":6.19117054156959e-05,"_step":500,"fitness":0.10007937252521515,"sparsity":0.5008098483085632,"_runtime":176.478763771,"avg_i_syn":0.0016119360225275159,"_timestamp":1.7695860199818852e+09,"eval_fitness":0.1000618264079094}