{"sparsity":0.5002557635307312,"_wandb":{"runtime":189},"eval_fitness":0.10878229141235352,"_step":500,"_timestamp":1.769614543667492e+09,"avg_i_syn":0.00446291221305728,"_runtime":189.093908174,"spikes_per_ms":0.00014705619832966477,"fitness":0.10379709303379059}