{"eval_fitness":85.88422393798828,"fitness":85.91204071044922,"_wandb":{"runtime":1220},"_runtime":1220.673398027,"_timestamp":1.766504906719283e+09,"spikes_per_ms":1.6737310886383057,"avg_i_syn":525.2564086914062,"sparsity":0.5000811815261841,"_step":1000}