{"_step":500,"_wandb":{"runtime":183},"_timestamp":1.7696066058700979e+09,"fitness":0.10164090991020203,"_runtime":183.975888022,"eval_fitness":0.10179071128368378,"spikes_per_ms":0.24754846096038818,"sparsity":0.5004123449325562,"avg_i_syn":13.693853378295898}