{"avg_i_syn":521.1365966796875,"sparsity":0.5001708269119263,"_timestamp":1.7683367358586478e+09,"eval_fitness":0.0859375,"fitness":0.1082589328289032,"_wandb":{"runtime":2641},"_runtime":2641.411411831,"spikes_per_ms":1.7539912462234497,"_step":1000}