{"_wandb":{"runtime":185},"_runtime":185.722226837,"_timestamp":1.7696008867342339e+09,"avg_i_syn":30.215192794799805,"eval_fitness":0.10146577656269073,"spikes_per_ms":0.6689652800559998,"_step":500,"fitness":0.10137955099344254,"sparsity":0.4994109272956848}