{"_step":1000,"eval_fitness":0.0859375,"_runtime":2648.862202958,"avg_i_syn":522.489501953125,"fitness":0.1082589328289032,"_wandb":{"runtime":2648},"sparsity":0.5003615021705627,"spikes_per_ms":1.7058801651000977,"_timestamp":1.7683055167789688e+09}