{"_wandb":{"runtime":1217},"_runtime":1217.742656686,"eval_fitness":85.92301177978516,"sparsity":0.49988120794296265,"fitness":85.92212677001953,"_step":1000,"spikes_per_ms":1.716232180595398,"avg_i_syn":525.8190307617188,"_timestamp":1.7681997752347958e+09}