{"_wandb":{"runtime":1191},"_step":1000,"fitness":85.91324615478516,"sparsity":0.5002554059028625,"_timestamp":1.7682283613609843e+09,"eval_fitness":85.88771057128906,"spikes_per_ms":1.7143633365631104,"_runtime":1191.869748836,"avg_i_syn":527.6641235351562}