{"_step":1000,"avg_i_syn":524.3236694335938,"fitness":85.92208862304688,"_runtime":1192.07170128,"eval_fitness":85.91910552978516,"_wandb":{"runtime":1192},"sparsity":0.49988269805908203,"spikes_per_ms":1.6809593439102173,"_timestamp":1.7682108225622947e+09}