{"sparsity":0.5006996989250183,"fitness":0.2399553656578064,"spikes_per_ms":0.02323829010128975,"_step":1000,"_wandb":{"runtime":2344},"_runtime":2344.025048199,"avg_i_syn":0.10923200845718384,"_timestamp":1.768548448358116e+09,"eval_fitness":0.2578125}