{"_step":1000,"avg_i_syn":526.2672729492188,"eval_fitness":85.88436889648438,"_timestamp":1.7682022495442514e+09,"_wandb":{"runtime":1197},"_runtime":1197.793092191,"fitness":85.92256164550781,"spikes_per_ms":1.7129377126693726,"sparsity":0.4998035132884979}