{"avg_i_syn":0.023463446646928787,"_wandb":{"runtime":233},"fitness":0.09999963641166687,"spikes_per_ms":0.0006827302859164774,"eval_fitness":0.09998512268066406,"_runtime":233.419947937,"sparsity":0.5005889534950256,"_timestamp":1.7699357581704686e+09,"_step":500}