{"eval_fitness":0.10005182027816772,"spikes_per_ms":3.4134940506191924e-05,"_runtime":175.012511709,"_wandb":{"runtime":175},"avg_i_syn":0.001336144981905818,"_step":500,"fitness":0.10005073994398117,"sparsity":0.5003241896629333,"_timestamp":1.7695866693288019e+09}