{"_wandb":{"runtime":1301},"_timestamp":1.76922631302119e+09,"_step":500,"fitness":0.32328081130981445,"sparsity":0.5003090500831604,"spikes_per_ms":0.014668186195194721,"avg_i_syn":0.05926501378417015,"_runtime":1301.721043366,"eval_fitness":0.31992053985595703}