{"spikes_per_ms":0.04166008159518242,"eval_fitness":0.10361138731241226,"_step":500,"_wandb":{"runtime":180},"avg_i_syn":1.8503111600875854,"fitness":0.10174266248941422,"sparsity":0.5005983710289001,"_timestamp":1.7695997778565185e+09,"_runtime":180.50232586}