{"_wandb":{"runtime":183},"sparsity":0.5008805990219116,"_timestamp":1.769607767951776e+09,"_step":500,"fitness":0.1028539165854454,"avg_i_syn":0.001760885352268815,"eval_fitness":0.09845840185880661,"spikes_per_ms":6.303440022747964e-05,"_runtime":183.09540748}