{"_step":500,"fitness":0.1000315472483635,"avg_i_syn":0.0016463600331917405,"eval_fitness":0.10003270208835602,"_runtime":178.23904763,"sparsity":0.5000653862953186,"_timestamp":1.7695875361363974e+09,"spikes_per_ms":3.238492354284972e-05,"_wandb":{"runtime":178}}