{"eval_fitness":0.10000000149011612,"_wandb":{"runtime":353},"spikes_per_ms":1.6854699850082397,"sparsity":0.5011640787124634,"_timestamp":1.7696928640761337e+09,"fitness":0.10000001639127731,"_runtime":353.42692234,"_step":1000,"avg_i_syn":232.1573944091797}