{"_wandb":{"runtime":281},"fitness":0.17809133231639862,"sparsity":0.500868558883667,"spikes_per_ms":0.6891250610351562,"_step":500,"eval_fitness":0.17297300696372986,"_timestamp":1.770448207187872e+09,"_runtime":281.578698407,"avg_i_syn":0.0003508559020701796}