{"_wandb":{"runtime":183},"fitness":0.10272978246212006,"_timestamp":1.7696104668165834e+09,"_step":500,"eval_fitness":0.10051502287387848,"spikes_per_ms":6.575242878170684e-05,"avg_i_syn":0.003755909623578191,"_runtime":183.331579687,"sparsity":0.5001037120819092}