{"fitness":0.2622767984867096,"sparsity":0.4995785653591156,"_timestamp":1.768452748153479e+09,"_wandb":{"runtime":2348},"avg_i_syn":0.1874723583459854,"eval_fitness":0.2578125,"_step":1000,"spikes_per_ms":0.024142025038599968,"_runtime":2348.968243252}