{"_runtime":356.569251105,"eval_fitness":0.10000000149011612,"spikes_per_ms":1.4903285503387451,"_timestamp":1.7696965168721192e+09,"_step":1000,"avg_i_syn":389.2923278808594,"_wandb":{"runtime":356},"fitness":0.10000001639127731,"sparsity":0.5010983347892761}