{"fitness":0.2879464328289032,"_step":1000,"avg_i_syn":0.14466963708400726,"sparsity":0.49994394183158875,"_wandb":{"runtime":2324},"spikes_per_ms":0.023462550714612007,"_timestamp":1.7685933168497758e+09,"_runtime":2324.447607186,"eval_fitness":0.25}