{"_step":500,"avg_i_syn":0.7367691397666931,"spikes_per_ms":0.019841181114315987,"_wandb":{"runtime":179},"_runtime":179.379285866,"sparsity":0.499286025762558,"eval_fitness":0.1005542203783989,"fitness":0.10211833566427231,"_timestamp":1.7695904754891984e+09}