{"_wandb":{"runtime":1306},"_timestamp":1.7693291635708992e+09,"_step":500,"eval_fitness":0.10003253817558289,"spikes_per_ms":0.6422646045684814,"sparsity":0.5000762939453125,"_runtime":1306.039107908,"avg_i_syn":19.969337463378906,"fitness":0.10002046078443527}