{"_timestamp":1.7685551155908406e+09,"_step":1000,"avg_i_syn":0.08398477733135223,"fitness":0.2890625,"_runtime":2345.554971493,"eval_fitness":0.21875,"spikes_per_ms":0.014744209125638008,"_wandb":{"runtime":2345},"sparsity":0.49957239627838135}