{"fitness":0.2008928656578064,"_wandb":{"runtime":2313},"spikes_per_ms":0.049055151641368866,"_step":1000,"eval_fitness":0.2109375,"sparsity":0.4996165633201599,"avg_i_syn":1.096015453338623,"_timestamp":1.7685056925741284e+09,"_runtime":2313.50925631}