{"_timestamp":1.7695939785075102e+09,"_runtime":180.93350373,"sparsity":0.5011481642723083,"_step":500,"avg_i_syn":0.34122735261917114,"_wandb":{"runtime":180},"fitness":0.10509289056062698,"eval_fitness":0.10486242175102234,"spikes_per_ms":0.011126684956252575}