{"fitness":0.36245644092559814,"_step":500,"_runtime":1306.405731507,"_timestamp":1.7692303728318086e+09,"avg_i_syn":0.07128284126520157,"eval_fitness":0.30704745650291443,"sparsity":0.5001373887062073,"spikes_per_ms":0.014688478782773018,"_wandb":{"runtime":1306}}