{"eval_fitness":0.37909185886383057,"_runtime":1303.824725792,"fitness":0.4063655734062195,"sparsity":0.5003356337547302,"_wandb":{"runtime":1303},"spikes_per_ms":0.010839615948498249,"_timestamp":1.7692371662590919e+09,"_step":500,"avg_i_syn":0.0715189129114151}