{"_runtime":12023.622684799,"spikes_per_ms":0.03266514837741852,"_wandb":{"runtime":12023},"_timestamp":1.7657411353566635e+09,"fitness":5420.71435546875,"avg_i_syn":1.3900749683380127,"_step":1000,"eval_fitness":5905.94921875,"sparsity":0.4994227886199951}