{"sparsity":0.5009346008300781,"_step":500,"eval_fitness":0.10115817189216614,"avg_i_syn":0.7384732961654663,"fitness":0.1015268936753273,"spikes_per_ms":0.015364842489361763,"_timestamp":1.7696739972087274e+09,"_wandb":{"runtime":190},"_runtime":190.29599929}