{"_runtime":187.872876311,"avg_i_syn":0.0003561301564332098,"eval_fitness":0.09948917478322983,"_step":500,"fitness":0.10133066028356552,"spikes_per_ms":1.0558171197772026e-05,"sparsity":0.4999162256717682,"_wandb":{"runtime":187},"_timestamp":1.7696140874168324e+09}