{"spikes_per_ms":1.4903285503387451,"_timestamp":1.7696969741062486e+09,"_runtime":361.858932647,"_step":1000,"sparsity":0.5010983347892761,"avg_i_syn":389.2923278808594,"_wandb":{"runtime":361},"fitness":0.10000001639127731,"eval_fitness":0.10000000149011612}