{"_wandb":{"runtime":182},"_timestamp":1.7696203626876504e+09,"avg_i_syn":0.18411864340305328,"eval_fitness":0.09906702488660812,"_runtime":182.270341999,"spikes_per_ms":0.0034943767823278904,"_step":500,"fitness":0.103544682264328,"sparsity":0.4990052282810211}