{"_wandb":{"runtime":183},"_step":500,"eval_fitness":0.10323619097471237,"sparsity":0.4999237656593323,"avg_i_syn":0.134565070271492,"_runtime":183.435114933,"fitness":0.10173794627189636,"spikes_per_ms":0.0028608650900423527,"_timestamp":1.769611824517586e+09}