{"eval_fitness":0.234375,"_wandb":{"runtime":2349},"avg_i_syn":0.12835799157619476,"_timestamp":1.768558496442728e+09,"fitness":0.2421875149011612,"sparsity":0.499098539352417,"_step":1000,"spikes_per_ms":0.023358618840575218,"_runtime":2349.580330237}