{"spikes_per_ms":0.004143124911934137,"_wandb":{"runtime":180},"eval_fitness":0.10278913378715515,"fitness":0.10323896259069443,"_timestamp":1.769593286626359e+09,"sparsity":0.49978017807006836,"_runtime":180.973729962,"_step":500,"avg_i_syn":0.13690727949142456}