{"_wandb":{"runtime":2327},"sparsity":0.4996165633201599,"spikes_per_ms":0.049055151641368866,"_step":1000,"_runtime":2327.23220919,"avg_i_syn":1.096015453338623,"fitness":0.2008928656578064,"_timestamp":1.768474350477649e+09,"eval_fitness":0.2109375}