{"_timestamp":1.7685880280445392e+09,"sparsity":0.49990910291671753,"avg_i_syn":0.04936854541301727,"eval_fitness":0.3046875,"_runtime":2334.902363993,"_step":1000,"_wandb":{"runtime":2334},"fitness":0.3504464328289032,"spikes_per_ms":0.007153043989092112}