{"_timestamp":1.770494170664467e+09,"_wandb":{"runtime":7843},"_runtime":7843.867580226,"_step":200,"fitness":0.9407353401184082,"eval_fitness":0.9482830166816711,"grad_norm":0.0007710945210419595,"sparsity":0.5529544949531555}