{"avg_i_syn":0.0003878354327753186,"_step":500,"eval_fitness":0.15532949566841125,"spikes_per_ms":0.7101640701293945,"_wandb":{"runtime":281},"_runtime":281.837299377,"_timestamp":1.7704498084948766e+09,"fitness":0.1546049565076828,"sparsity":0.5009206533432007}