{"spikes_per_ms":0.03527967631816864,"_timestamp":1.7695906922338943e+09,"_step":500,"_runtime":178.744594774,"sparsity":0.4977421760559082,"avg_i_syn":1.2550816535949707,"eval_fitness":0.10204178094863892,"fitness":0.10422737151384354,"_wandb":{"runtime":178}}