{"spikes_per_ms":0.010520379059016705,"_timestamp":1.7692249593120604e+09,"_step":500,"avg_i_syn":0.04445125535130501,"sparsity":0.5007241368293762,"eval_fitness":0.3557179868221283,"_runtime":1307.312835857,"_wandb":{"runtime":1307},"fitness":0.3774210512638092}