{"spikes_per_ms":1.712246060371399,"_timestamp":1.7682034713856313e+09,"_wandb":{"runtime":1192},"eval_fitness":85.91862487792969,"sparsity":0.5012423992156982,"_runtime":1192.606681845,"_step":1000,"avg_i_syn":522.7582397460938,"fitness":85.9109878540039}