{"_wandb":{"runtime":2648},"avg_i_syn":522.1804809570312,"_step":1000,"fitness":0.1082589328289032,"sparsity":0.5003615021705627,"_timestamp":1.768302914215048e+09,"spikes_per_ms":1.7051310539245605,"eval_fitness":0.0859375,"_runtime":2648.461416881}