{"avg_i_syn":0.036139536648988724,"_timestamp":1.7685424777369196e+09,"_runtime":2344.584708039,"sparsity":0.5003925561904907,"_wandb":{"runtime":2344},"spikes_per_ms":0.006936774123460054,"_step":1000,"eval_fitness":0.3984375,"fitness":0.3593750298023224}