{"spikes_per_ms":1.3877747058868408,"_runtime":172.86539329,"_wandb":{"runtime":172},"sparsity":0.5004138946533203,"avg_i_syn":179.1743621826172,"eval_fitness":0.10000000149011612,"_step":500,"_timestamp":1.769573994062854e+09,"fitness":0.10000001639127731}