{"_step":500,"_runtime":174.493324917,"sparsity":0.5004138946533203,"fitness":0.10000001639127731,"spikes_per_ms":1.6810591220855713,"_wandb":{"runtime":174},"avg_i_syn":786.2481079101562,"eval_fitness":0.10000000149011612,"_timestamp":1.7695748517488363e+09}