{"_runtime":179.447804014,"fitness":0.10535160452127457,"_wandb":{"runtime":179},"_timestamp":1.7695900405591776e+09,"eval_fitness":0.10662711411714554,"spikes_per_ms":0.030658647418022156,"sparsity":0.5004861950874329,"_step":500,"avg_i_syn":0.8607856631278992}