{"spikes_per_ms":0.6413275599479675,"_timestamp":1.7693264181061523e+09,"fitness":0.10000637173652649,"_step":500,"avg_i_syn":19.727657318115234,"eval_fitness":0.10003025829792023,"sparsity":0.5000564455986023,"_wandb":{"runtime":1313},"_runtime":1313.536951611}