{"_wandb":{"runtime":2345},"spikes_per_ms":0.006936774123460054,"sparsity":0.5003925561904907,"_runtime":2345.860633725,"fitness":0.3593750298023224,"_timestamp":1.7685703452833536e+09,"avg_i_syn":0.036139536648988724,"_step":1000,"eval_fitness":0.3984375}