{"fitness":0.30330774188041687,"sparsity":0.5006808042526245,"_timestamp":1.7692439568901546e+09,"avg_i_syn":0.13692854344844818,"_wandb":{"runtime":1302},"_runtime":1302.135534466,"_step":500,"spikes_per_ms":0.01951725408434868,"eval_fitness":0.29172468185424805}