{"_wandb":{"runtime":1217},"avg_i_syn":521.8162231445312,"fitness":85.91776275634766,"spikes_per_ms":1.7033005952835083,"_runtime":1217.472646098,"sparsity":0.4997398853302002,"eval_fitness":85.88334655761719,"_timestamp":1.7682308350420208e+09,"_step":1000}