{"_step":1000,"fitness":0.1082589328289032,"sparsity":0.49956050515174866,"_timestamp":1.7683531762751958e+09,"_wandb":{"runtime":2644},"spikes_per_ms":1.716825246810913,"_runtime":2644.793681944,"avg_i_syn":525.831298828125,"eval_fitness":0.0859375}