{"avg_i_syn":0.42410752177238464,"_runtime":2347.970069142,"eval_fitness":0.2265625,"_wandb":{"runtime":2347},"spikes_per_ms":0.027796974405646324,"_step":1000,"fitness":0.2299107313156128,"sparsity":0.500045120716095,"_timestamp":1.7684184876514452e+09}