{"_timestamp":1.7682977062918591e+09,"eval_fitness":0.0859375,"spikes_per_ms":1.7051310539245605,"_step":1000,"sparsity":0.5003615021705627,"_wandb":{"runtime":2733},"fitness":0.1082589328289032,"avg_i_syn":522.1804809570312,"_runtime":2733.525958477}