{"_wandb":{"runtime":2350},"fitness":0.2176339328289032,"spikes_per_ms":0.034101102501153946,"eval_fitness":0.203125,"_step":1000,"_runtime":2350.594651074,"avg_i_syn":0.2552604079246521,"sparsity":0.49993517994880676,"_timestamp":1.7684560216825037e+09}