{"spikes_per_ms":1.6145575046539307,"_timestamp":1.769678569794234e+09,"eval_fitness":0.10000000149011612,"sparsity":0.5011640787124634,"fitness":0.10000001639127731,"_runtime":379.331413897,"avg_i_syn":430.697265625,"_step":1000,"_wandb":{"runtime":379}}