{"eval_fitness":0.328125,"sparsity":0.49953195452690125,"_runtime":2301.5759897,"fitness":0.3214285969734192,"_timestamp":1.7685388896157043e+09,"_step":1000,"avg_i_syn":0.029617706313729286,"_wandb":{"runtime":2301},"spikes_per_ms":0.006949231959879398}