{"_timestamp":1.7695877568264802e+09,"avg_i_syn":0.0028878937009721994,"fitness":0.10006389021873474,"eval_fitness":0.09996548295021057,"sparsity":0.5005266070365906,"_step":500,"spikes_per_ms":6.0339349147398025e-05,"_wandb":{"runtime":177},"_runtime":177.444470155}