{"_step":500,"eval_fitness":0.1001945436000824,"_wandb":{"runtime":215},"fitness":0.10004904866218567,"sparsity":0.5013211965560913,"spikes_per_ms":0.7350252866744995,"_timestamp":1.769852618166406e+09,"avg_i_syn":165.9258575439453,"_runtime":215.426643756}