{"sparsity":0.5002317428588867,"spikes_per_ms":0.020685425028204918,"_runtime":203.097085678,"_timestamp":1.769762154973605e+09,"_step":500,"eval_fitness":0.1042311042547226,"fitness":0.10417253524065018,"_wandb":{"runtime":203},"avg_i_syn":1.0399768352508545}