{"_wandb":{"runtime":1215},"_step":1000,"eval_fitness":85.91838073730469,"avg_i_syn":524.2822875976562,"fitness":85.92112731933594,"_runtime":1215.562060248,"sparsity":0.5005423426628113,"spikes_per_ms":1.6719335317611694,"_timestamp":1.768233345235821e+09}