{"avg_i_syn":8.646651258459315e-05,"fitness":0.15744304656982422,"_runtime":285.119362602,"eval_fitness":0.15554147958755493,"_step":500,"_timestamp":1.770444510514011e+09,"sparsity":0.5012046098709106,"spikes_per_ms":0.3529013395309448,"_wandb":{"runtime":285}}