{"sparsity":0.4986985921859741,"avg_i_syn":526.1019287109375,"_wandb":{"runtime":1192},"eval_fitness":85.92259216308594,"fitness":85.9177017211914,"spikes_per_ms":1.6890864372253418,"_runtime":1192.116013723,"_timestamp":1.7682132672604825e+09,"_step":1000}