{"eval_fitness":0.10000000149011612,"sparsity":0.5004138946533203,"fitness":0.10000001639127731,"_runtime":172.668472592,"avg_i_syn":508.0701904296875,"_timestamp":1.769574419461539e+09,"_wandb":{"runtime":172},"spikes_per_ms":1.6672652959823608,"_step":500}