{"spikes_per_ms":1.7058801651000977,"_wandb":{"runtime":2663},"fitness":0.1082589328289032,"sparsity":0.5003615021705627,"_runtime":2663.637313837,"eval_fitness":0.0859375,"_timestamp":1.768308126833395e+09,"avg_i_syn":522.489501953125,"_step":1000}