{"fitness":0.19187504053115845,"sparsity":0.4997657239437103,"_timestamp":1.7704466120078528e+09,"_runtime":287.010738696,"avg_i_syn":0.0008104831795208156,"_wandb":{"runtime":287},"spikes_per_ms":0.6317583322525024,"_step":500,"eval_fitness":0.19030039012432098}