{"_wandb":{"runtime":1192},"avg_i_syn":525.705810546875,"sparsity":0.4995262324810028,"_step":1000,"_runtime":1192.737191912,"eval_fitness":85.92118072509766,"fitness":85.92285919189453,"spikes_per_ms":1.6847480535507202,"_timestamp":1.7682210338505144e+09}