{"_wandb":{"runtime":2294},"eval_fitness":0.2109375,"avg_i_syn":0.3185621201992035,"_runtime":2294.563442065,"sparsity":0.5004534721374512,"spikes_per_ms":0.043508999049663544,"fitness":0.2053571492433548,"_timestamp":1.7684925980676773e+09,"_step":1000}