{"_wandb":{"runtime":2359},"avg_i_syn":0.5825333595275879,"eval_fitness":0.203125,"_step":1000,"fitness":0.2087053656578064,"sparsity":0.49988657236099243,"_runtime":2359.530499953,"spikes_per_ms":0.03953535482287407,"_timestamp":1.7684657503052194e+09}