{"sparsity":0.5009554028511047,"avg_i_syn":267.7879943847656,"fitness":0.10004188865423203,"spikes_per_ms":1.1898339986801147,"_step":500,"_runtime":211.110874787,"_timestamp":1.7698521447530255e+09,"_wandb":{"runtime":211},"eval_fitness":0.10003691911697388}