{"_wandb":{"runtime":174},"fitness":0.1000075489282608,"_step":500,"avg_i_syn":0.0004598436935339123,"_runtime":174.283997014,"_timestamp":1.769585589141078e+09,"eval_fitness":0.10002677142620087,"sparsity":0.4993005394935608,"spikes_per_ms":1.1800620995927602e-05}