{"_step":500,"eval_fitness":0.287693053483963,"fitness":0.36227932572364807,"_wandb":{"runtime":1304},"sparsity":0.5000613331794739,"_timestamp":1.7692412400230107e+09,"avg_i_syn":0.0806337371468544,"_runtime":1304.575581722,"spikes_per_ms":0.010916742496192455}