{"_runtime":225.547073043,"fitness":0.10038255900144577,"_wandb":{"runtime":225},"sparsity":0.5014167428016663,"avg_i_syn":3.055097818374634,"eval_fitness":0.1001749187707901,"_step":500,"_timestamp":1.7699348557947211e+09,"spikes_per_ms":0.07246146351099014}