{"_step":500,"avg_i_syn":11.23297119140625,"sparsity":0.5009510517120361,"_wandb":{"runtime":1292},"fitness":0.1002378985285759,"spikes_per_ms":0.6129294633865356,"eval_fitness":0.1002030074596405,"_runtime":1292.858447483,"_timestamp":1.7693195729777076e+09}