{"sparsity":0.500745415687561,"eval_fitness":0.10005688667297363,"_timestamp":1.7699359941449668e+09,"avg_i_syn":0.03612067922949791,"_step":500,"_wandb":{"runtime":220},"fitness":0.10016123950481415,"spikes_per_ms":0.0009710474987514317,"_runtime":220.864404145}