{"spikes_per_ms":0.017419273033738136,"avg_i_syn":0.8875381350517273,"_timestamp":1.769761891833558e+09,"_step":500,"eval_fitness":0.10795034468173981,"sparsity":0.5005507469177246,"fitness":0.10752162337303162,"_runtime":199.773835407,"_wandb":{"runtime":199}}