{"sparsity":0.4998584985733032,"_timestamp":1.769318229181866e+09,"eval_fitness":0.10004793107509613,"_step":500,"_wandb":{"runtime":1301},"spikes_per_ms":0.6126539707183838,"avg_i_syn":11.585472106933594,"fitness":0.10016925632953644,"_runtime":1301.015519}