{"_wandb":{"runtime":352},"sparsity":0.5011640787124634,"_step":1000,"avg_i_syn":232.1573944091797,"_runtime":352.486327507,"spikes_per_ms":1.6854699850082397,"eval_fitness":0.10000000149011612,"_timestamp":1.7696933575880222e+09,"fitness":0.10000001639127731}