{"spikes_per_ms":0.0001531202142359689,"_timestamp":1.7696088853563974e+09,"fitness":0.1043146625161171,"sparsity":0.5003907680511475,"_step":500,"_wandb":{"runtime":184},"_runtime":184.097269873,"eval_fitness":0.1083299070596695,"avg_i_syn":0.005821064114570618}