{"spikes_per_ms":0.024142025038599968,"_step":1000,"eval_fitness":0.2578125,"sparsity":0.4995785653591156,"_runtime":2295.190491871,"fitness":0.2622767984867096,"_timestamp":1.768487373977794e+09,"avg_i_syn":0.1874723583459854,"_wandb":{"runtime":2295}}