{"_step":1000,"eval_fitness":0.10000000149011612,"fitness":0.10000001639127731,"_timestamp":1.7696781446761558e+09,"_wandb":{"runtime":362},"avg_i_syn":430.697265625,"sparsity":0.5011640787124634,"_runtime":362.261246316,"spikes_per_ms":1.6145575046539307}