{"_step":1000,"fitness":85.91898345947266,"_timestamp":1.7682320901529484e+09,"avg_i_syn":521.896240234375,"_runtime":1217.977422065,"_wandb":{"runtime":1217},"sparsity":0.5002648234367371,"eval_fitness":85.88838195800781,"spikes_per_ms":1.6900877952575684}