{"avg_i_syn":0.0001472622388973832,"spikes_per_ms":0.6756371259689331,"_wandb":{"runtime":281},"_runtime":281.066020101,"fitness":0.1653626412153244,"_step":500,"sparsity":0.5012930631637573,"eval_fitness":0.16227512061595917,"_timestamp":1.7704477473272417e+09}