{"spikes_per_ms":1.7543368339538574,"_timestamp":1.7683341820856786e+09,"fitness":0.1082589328289032,"sparsity":0.5001708269119263,"_runtime":2637.241215772,"_wandb":{"runtime":2637},"avg_i_syn":520.6552124023438,"_step":1000,"eval_fitness":0.0859375}