{"_runtime":182.874509551,"spikes_per_ms":0.01148406695574522,"_wandb":{"runtime":182},"_timestamp":1.769588708666258e+09,"fitness":0.1053893193602562,"sparsity":0.5003880858421326,"avg_i_syn":0.25627636909484863,"eval_fitness":0.10468161106109619,"_step":500}