{"_wandb":{"runtime":1220},"spikes_per_ms":1.7047313451766968,"fitness":85.92259216308594,"avg_i_syn":521.6062622070312,"_runtime":1220.640163831,"_timestamp":1.7681935341065462e+09,"sparsity":0.500076949596405,"_step":1000,"eval_fitness":85.9196548461914}