{"eval_fitness":0.0859375,"spikes_per_ms":1.716456651687622,"_runtime":2664.665685226,"_wandb":{"runtime":2664},"_step":1000,"fitness":0.1082589328289032,"sparsity":0.49956050515174866,"_timestamp":1.7683630892675774e+09,"avg_i_syn":526.0364990234375}