{"fitness":0.10000001639127731,"sparsity":0.5004138946533203,"spikes_per_ms":1.678763508796692,"eval_fitness":0.10000000149011612,"_timestamp":1.7695750647457833e+09,"_runtime":171.264302897,"avg_i_syn":780.2615966796875,"_wandb":{"runtime":171},"_step":500}