{"_timestamp":1.7683469453689759e+09,"_step":1000,"_runtime":2647.727495372,"avg_i_syn":525.7906494140625,"eval_fitness":0.0859375,"_wandb":{"runtime":2647},"sparsity":0.49956050515174866,"fitness":0.1082589328289032,"spikes_per_ms":1.71633780002594}