{"eval_fitness":0.0859375,"_timestamp":1.7683418421329315e+09,"_wandb":{"runtime":2646},"_runtime":2646.027614047,"spikes_per_ms":1.7539912462234497,"avg_i_syn":521.1365966796875,"fitness":0.1082589328289032,"sparsity":0.5001708269119263,"_step":1000}