{"_runtime":2334.936139588,"sparsity":0.4994094669818878,"_step":1000,"spikes_per_ms":0.034467004239559174,"_wandb":{"runtime":2334},"_timestamp":1.7685031037484612e+09,"avg_i_syn":0.795807957649231,"fitness":0.2287946492433548,"eval_fitness":0.21875}