{"_step":500,"_timestamp":1.769612265769154e+09,"sparsity":0.4999723434448242,"_runtime":182.537311874,"avg_i_syn":0.04970167949795723,"eval_fitness":0.10524575412273407,"fitness":0.10337407886981964,"_wandb":{"runtime":182},"spikes_per_ms":0.0007449874537996948}