{"avg_i_syn":522.4940795898438,"spikes_per_ms":1.7050970792770386,"_runtime":2678.526460447,"sparsity":0.5003615021705627,"_step":1000,"fitness":0.1082589328289032,"_timestamp":1.768315961057316e+09,"eval_fitness":0.0859375,"_wandb":{"runtime":2678}}