{"spikes_per_ms":0.017496922984719276,"avg_i_syn":0.3791586756706238,"fitness":0.10334910452365875,"sparsity":0.5005279779434204,"_timestamp":1.7695889344257002e+09,"_runtime":183.947821989,"eval_fitness":0.10343283414840698,"_step":500,"_wandb":{"runtime":183}}