{"fitness":0.180803582072258,"_runtime":2317.979046449,"_step":1000,"sparsity":0.4997682571411133,"eval_fitness":0.15625,"spikes_per_ms":0.09080052375793457,"_timestamp":1.7684847663609998e+09,"avg_i_syn":2.5382189750671387,"_wandb":{"runtime":2317}}