{"spikes_per_ms":1.6880643367767334,"eval_fitness":85.91968536376953,"_wandb":{"runtime":1150},"_runtime":1150.366509357,"_timestamp":1.7681915175675905e+09,"avg_i_syn":525.0133056640625,"_step":1000,"fitness":85.91077423095703,"sparsity":0.49907001852989197}