{"eval_fitness":0.10007600486278534,"_runtime":185.07857831,"spikes_per_ms":0.542534589767456,"fitness":0.10095847398042679,"sparsity":0.5000766515731812,"_timestamp":1.769601888733141e+09,"avg_i_syn":29.411216735839844,"_wandb":{"runtime":185},"_step":500}