{"_timestamp":1.7682345914308546e+09,"_wandb":{"runtime":1215},"_step":1000,"avg_i_syn":522.6213989257812,"eval_fitness":85.92040252685547,"fitness":85.91758728027344,"spikes_per_ms":1.7448642253875732,"_runtime":1215.339585213,"sparsity":0.4998885989189148}