{"_timestamp":1.7695893838556314e+09,"_step":500,"_runtime":180.509811188,"spikes_per_ms":0.036049049347639084,"avg_i_syn":0.7191619277000427,"fitness":0.1056835725903511,"_wandb":{"runtime":180},"eval_fitness":0.10722090303897858,"sparsity":0.5000316500663757}