{"_step":1000,"spikes_per_ms":1.6989012956619263,"eval_fitness":85.92150115966797,"avg_i_syn":526.624755859375,"fitness":85.92771911621094,"sparsity":0.5006716847419739,"_runtime":1191.789988705,"_timestamp":1.7682185502296095e+09,"_wandb":{"runtime":1191}}