{"sparsity":0.5005317330360413,"_timestamp":1.7691637870662239e+09,"_step":500,"_wandb":{"runtime":1342},"eval_fitness":0.10000000149011612,"_runtime":1342.720266166,"fitness":0.10000355541706085,"spikes_per_ms":1.8275539875030518,"avg_i_syn":24.533203125}