{"eval_fitness":0.2734375,"fitness":0.3002232313156128,"sparsity":0.4999113380908966,"_step":1000,"spikes_per_ms":0.014285391196608543,"avg_i_syn":0.06987366825342178,"_wandb":{"runtime":2342},"_runtime":2342.36828274,"_timestamp":1.768545087988828e+09}