{"avg_i_syn":0.0007904056110419333,"_wandb":{"runtime":181},"sparsity":0.49940574169158936,"spikes_per_ms":1.2011090802843682e-05,"_step":500,"eval_fitness":0.10550124943256378,"fitness":0.10039892047643661,"_runtime":181.782176486,"_timestamp":1.7696102454096892e+09}