{"sparsity":0.4995785653591156,"_wandb":{"runtime":2358},"spikes_per_ms":0.024142025038599968,"_timestamp":1.7684106333672721e+09,"_step":1000,"fitness":0.2622767984867096,"_runtime":2358.416939986,"avg_i_syn":0.1874723583459854,"eval_fitness":0.2578125}