{"_runtime":2285.441655981,"_step":1000,"sparsity":0.4997682571411133,"_timestamp":1.768515909107693e+09,"eval_fitness":0.15625,"fitness":0.180803582072258,"spikes_per_ms":0.09080052375793457,"_wandb":{"runtime":2285},"avg_i_syn":2.5382189750671387}