{"spikes_per_ms":0.01920090988278389,"_timestamp":1.7692358086200547e+09,"eval_fitness":0.3296327590942383,"_wandb":{"runtime":1307},"sparsity":0.49990034103393555,"avg_i_syn":0.10467351973056793,"_step":500,"fitness":0.303311824798584,"_runtime":1307.32428136}