{"eval_fitness":85.91848754882812,"_step":1000,"avg_i_syn":522.0120239257812,"_runtime":1216.627853343,"spikes_per_ms":1.6560083627700806,"_timestamp":1.7681985272625742e+09,"sparsity":0.4998907148838043,"_wandb":{"runtime":1216},"fitness":85.92308044433594}