{"_step":1000,"_runtime":2365.70266238,"spikes_per_ms":0.007153043989092112,"avg_i_syn":0.04936854541301727,"eval_fitness":0.3046875,"_timestamp":1.7685619086084006e+09,"fitness":0.3504464328289032,"sparsity":0.49990910291671753,"_wandb":{"runtime":2365}}