{"avg_i_syn":0.07442054897546768,"_step":500,"fitness":0.3081003725528717,"_wandb":{"runtime":1298},"_runtime":1298.508393203,"_timestamp":1.7692276635830688e+09,"spikes_per_ms":0.018699241802096367,"eval_fitness":0.33659827709198,"sparsity":0.5005984306335449}