{"_runtime":2356.939474758,"eval_fitness":0.25,"spikes_per_ms":0.023462550714612007,"_timestamp":1.7685675033875563e+09,"fitness":0.2879464328289032,"sparsity":0.49994394183158875,"_step":1000,"avg_i_syn":0.14466963708400726,"_wandb":{"runtime":2356}}