{"sparsity":0.5000949501991272,"fitness":0.10289029777050018,"eval_fitness":0.10242553055286407,"_runtime":181.639029602,"avg_i_syn":0.020803799852728844,"spikes_per_ms":0.0003938172885682434,"_timestamp":1.7696179391205142e+09,"_wandb":{"runtime":181},"_step":500}