{"_timestamp":1.7682071350284271e+09,"_runtime":1192.441232728,"sparsity":0.5003769397735596,"_wandb":{"runtime":1192},"spikes_per_ms":1.6714059114456177,"_step":1000,"avg_i_syn":524.1813354492188,"eval_fitness":85.92196655273438,"fitness":85.91698455810547}