{"spikes_per_ms":6.457810377469286e-05,"avg_i_syn":0.0024516473058611155,"_step":500,"eval_fitness":0.10002823919057846,"_wandb":{"runtime":175},"_runtime":175.533358803,"fitness":0.10005033761262894,"_timestamp":1.7695868850049157e+09,"sparsity":0.5013712048530579}