{"spikes_per_ms":0.007072250358760357,"avg_i_syn":0.042648594826459885,"_timestamp":1.7685517884510305e+09,"eval_fitness":0.328125,"_runtime":2344.065936786,"sparsity":0.5002973675727844,"_step":1000,"_wandb":{"runtime":2344},"fitness":0.3392857313156128}