{"_runtime":1356.167027157,"_step":500,"fitness":0.10000621527433395,"sparsity":0.4999622106552124,"_timestamp":1.7691598235428624e+09,"spikes_per_ms":1.8257036209106445,"_wandb":{"runtime":1356},"eval_fitness":0.10000000149011612,"avg_i_syn":24.574045181274414}