{"_runtime":1293.848680832,"avg_i_syn":0.092847540974617,"eval_fitness":0.3661567270755768,"spikes_per_ms":0.01117873564362526,"sparsity":0.5009943842887878,"_wandb":{"runtime":1293},"fitness":0.39074060320854187,"_timestamp":1.7692453039093232e+09,"_step":500}