{"eval_fitness":0.1000230610370636,"spikes_per_ms":0.6345067620277405,"_wandb":{"runtime":1313},"fitness":0.10005174577236176,"sparsity":0.5002445578575134,"_timestamp":1.7693223107750971e+09,"_step":500,"_runtime":1313.326289031,"avg_i_syn":15.38308334350586}