{"eval_fitness":85.88452911376953,"sparsity":0.5010609030723572,"_wandb":{"runtime":1217},"_step":1000,"_timestamp":1.7681972815650642e+09,"spikes_per_ms":1.730737566947937,"_runtime":1217.453782454,"avg_i_syn":523.6983032226562,"fitness":85.91727447509766}