{"fitness":0.10752996802330017,"_wandb":{"runtime":182},"eval_fitness":0.10739780962467194,"_timestamp":1.7696176627023892e+09,"_runtime":182.184074641,"avg_i_syn":0.010706387460231781,"spikes_per_ms":0.00019557935593184084,"sparsity":0.49915340542793274,"_step":500}