{"_step":500,"eval_fitness":0.10287629812955856,"fitness":0.10385815799236298,"_timestamp":1.76959464030527e+09,"sparsity":0.5014074444770813,"_runtime":179.916463787,"spikes_per_ms":0.008198539726436138,"avg_i_syn":0.3268527388572693,"_wandb":{"runtime":179}}