{"eval_fitness":0.37743645906448364,"_wandb":{"runtime":1294},"spikes_per_ms":0.015408321283757687,"_timestamp":1.7692466533855164e+09,"sparsity":0.5002899169921875,"fitness":0.34989914298057556,"_runtime":1294.216691685,"_step":500,"avg_i_syn":0.12475644052028656}