{"_wandb":{"runtime":2635},"_step":1000,"avg_i_syn":525.7906494140625,"fitness":0.1082589328289032,"spikes_per_ms":1.71633780002594,"_timestamp":1.7683500926650825e+09,"eval_fitness":0.0859375,"sparsity":0.49956050515174866,"_runtime":2635.144526036}