{"spikes_per_ms":1.7539912462234497,"_runtime":2643.748362448,"_step":1000,"eval_fitness":0.0859375,"_timestamp":1.7683392905071735e+09,"sparsity":0.5001708269119263,"_wandb":{"runtime":2643},"avg_i_syn":521.1365966796875,"fitness":0.1082589328289032}