{"avg_i_syn":526.0638427734375,"eval_fitness":85.92003631591797,"sparsity":0.4997890591621399,"spikes_per_ms":1.7178106307983398,"_runtime":1192.474395159,"_step":1000,"fitness":85.91663360595703,"_timestamp":1.7682197720083609e+09,"_wandb":{"runtime":1192}}