{"_timestamp":1.768356319880828e+09,"_wandb":{"runtime":2659},"_step":1000,"eval_fitness":0.0859375,"_runtime":2659.52741297,"spikes_per_ms":1.716825246810913,"avg_i_syn":525.831298828125,"fitness":0.1082589328289032,"sparsity":0.49956050515174866}