{"avg_i_syn":0.12835799157619476,"_runtime":2346.409073811,"fitness":0.2421875149011612,"spikes_per_ms":0.023358618840575218,"_step":1000,"eval_fitness":0.234375,"sparsity":0.499098539352417,"_timestamp":1.7685854054276984e+09,"_wandb":{"runtime":2346}}