{"eval_fitness":0.203125,"_runtime":2354.4508789,"sparsity":0.49993517994880676,"spikes_per_ms":0.034101102501153946,"fitness":0.2176339328289032,"_timestamp":1.768413251142605e+09,"_step":1000,"_wandb":{"runtime":2354},"avg_i_syn":0.2552604079246521}