{"spikes_per_ms":0.013688265345990658,"_wandb":{"runtime":182},"sparsity":0.5004676580429077,"_runtime":182.978278047,"_step":500,"eval_fitness":0.1047203466296196,"fitness":0.10597700625658035,"_timestamp":1.769620601966304e+09,"avg_i_syn":0.7585307359695435}