{"_runtime":183.119513716,"fitness":0.10205280035734177,"_timestamp":1.7695941990050647e+09,"spikes_per_ms":0.0029686978086829185,"avg_i_syn":0.12449563294649124,"_wandb":{"runtime":183},"eval_fitness":0.10179901123046875,"sparsity":0.5005813241004944,"_step":500}