{"_wandb":{"runtime":1192},"_step":1000,"spikes_per_ms":1.7513258457183838,"avg_i_syn":524.078369140625,"eval_fitness":85.92097473144531,"fitness":85.92195129394531,"_runtime":1192.4634336,"sparsity":0.4996151328086853,"_timestamp":1.768205913732678e+09}