{"sparsity":0.5004676580429077,"_timestamp":1.7696134133248496e+09,"eval_fitness":0.1047203466296196,"spikes_per_ms":0.013688265345990658,"fitness":0.10597700625658035,"_wandb":{"runtime":181},"_runtime":181.489877979,"_step":500,"avg_i_syn":0.7585307359695435}